Rider_id,Rider_name,Sign_up_Time,Sign_off_Time
1,Vardaniya Dugar,2024-02-16,2022-09-10
2,Advik Grover,2022-12-14,2023-10-11
3,Siya Choudhry,2023-12-21,2023-07-24
4,Shanaya Sankar,2022-09-12,2023-06-04
5,Samiha Bal,2023-11-01,2023-02-20
6,Onkar Apte,2022-03-10,2022-04-01
7,Manjari Cheema,2025-02-04,2023-08-03
8,Alia Borde,2023-05-17,2022-12-30
9,Adira Shan,2023-08-22,2024-06-17
10,Kismat Varma,2024-08-17,2023-08-10
11,Armaan Halder,2024-01-26,2023-10-25
12,Oorja Karnik,2023-08-18,2023-04-11
13,Rati Gaba,2023-02-03,2022-07-04
14,Indranil Batta,2024-03-03,2024-04-11
15,Badal Bali,2024-10-26,2024-07-23
16,Devansh Iyer,2022-12-15,2024-07-12
17,Mishti Dutta,2024-05-25,2024-12-07
18,Lavanya Desai,2023-04-29,2023-11-03
19,Ivan Keer,2023-07-13,2022-05-16
20,Sumer Vora,2022-10-22,2024-12-13
21,Prisha Sankaran,2024-08-20,2024-09-13
22,Manikya Dara,2024-01-31,2024-03-30
23,Drishya Borah,2024-09-14,2024-07-28
24,Arhaan Kunda,2023-10-27,2022-10-03
25,Piya Randhawa,2022-03-08,2022-04-28
26,Shaan Johal,2024-12-05,2022-09-24
27,Aarush Shan,2024-05-14,2022-11-24
28,Anaya Agarwal,2023-01-29,2024-09-23
29,Damini Thaker,2023-05-31,2022-05-03
30,Sana Bakshi,2023-08-01,2023-08-24
31,Arhaan Keer,2023-08-06,2023-10-30
32,Jivin Kata,2022-11-09,2024-09-04
33,Jivin Dyal,2023-07-10,2024-10-30
34,Hunar Karpe,2023-04-05,2022-07-04
35,Prisha Ranganathan,2023-06-29,2023-04-12
36,Aaryahi Salvi,2022-09-22,2023-10-06
37,Tara Maharaj,2022-07-07,2022-11-19
38,Faiyaz Bala,2024-07-14,2024-11-04
39,Yuvaan Sanghvi,2024-05-13,2024-12-08
40,Uthkarsh Mann,2023-10-22,2022-04-14
41,Yashvi Soni,2022-07-03,2023-08-06
42,Jayan Chacko,2023-05-14,2022-12-14
43,Ayesha Sen,2023-12-26,2022-11-03
44,Elakshi Srivastava,2023-11-10,2023-07-17
45,Eva Lall,2023-11-29,2024-10-20
46,Khushi Wadhwa,2023-08-12,2024-05-07
47,Amira Issac,2022-09-24,2024-03-31
48,Chirag Ratti,2024-12-08,2023-04-08
49,Amira Gupta,2023-02-14,2022-10-25
50,Khushi Ram,2024-05-31,2024-03-29
51,Lakshay Bhat,2022-03-24,2024-09-03
52,Neysa Dixit,2025-01-08,2023-08-19
53,Eva Deol,2023-02-25,2023-02-17
54,Lagan Malhotra,2024-11-06,2022-12-05
55,Kiara Borra,2024-02-24,2022-06-28
56,Vaibhav Mann,2023-12-30,2024-10-28
57,Biju Khatri,2023-05-14,2022-03-07
58,Ritvik Kant,2023-05-12,2022-03-26
59,Dhanuk Bava,2025-01-18,2023-08-11
60,Amani Bala,2023-07-15,2024-06-21
61,Anahi Kara,2023-07-17,2023-05-27
62,Romil Dixit,2024-11-02,2022-10-05
63,Zara Kanda,2023-02-20,2023-12-12
64,Taimur Sehgal,2024-11-03,2023-09-24
65,Stuvan Bandi,2023-05-26,2022-04-24
66,Mehul Varughese,2022-03-28,2024-04-08
67,Kartik Sangha,2022-04-20,2024-03-03
68,Ojas De,2024-01-10,2024-01-22
69,Shray Cheema,2023-05-28,2022-05-11
70,Purab Chacko,2023-10-23,2024-06-30
71,Indrans Aurora,2023-10-17,2022-03-19
72,Ira Badal,2023-09-05,2022-07-02
73,Indranil Balakrishnan,2024-11-27,2025-02-22
74,Aarna Srinivasan,2023-01-07,2022-11-29
75,Vritika Sami,2024-01-29,2024-06-02
76,Dhanuk Jayaraman,2024-03-29,2022-04-04
77,Ritvik Aggarwal,2025-01-10,2024-11-03
78,Nehmat Mangat,2023-11-14,2023-04-14
79,Mohanlal Seshadri,2025-01-04,2024-09-04
80,Tejas Sama,2025-01-13,2024-07-02
81,Ira Chaudry,2024-10-02,2024-09-23
82,Anahi Brar,2024-08-15,2024-02-21
83,Darshit Agrawal,2023-02-11,2023-08-07
84,Armaan Hayer,2022-05-11,2023-04-24
85,Samaira Chad,2024-06-29,2023-02-12
86,Amira Ghosh,2023-03-04,2022-12-25
87,Jivika Goda,2023-09-10,2023-03-02
88,Samaira Tandon,2024-06-24,2022-12-30
89,Siya Ben,2023-04-12,2023-10-24
90,Lagan Talwar,2023-07-31,2024-02-08
91,Dhanush Gaba,2023-10-17,2022-10-27
92,Khushi Grewal,2024-10-23,2022-06-10
93,Jayesh Bhat,2022-03-07,2023-09-15
94,Kismat Bail,2024-07-13,2022-10-31
95,Gatik Wagle,2022-10-05,2024-11-24
96,Onkar Khatri,2023-10-29,2023-08-12
97,Sara Ramaswamy,2025-01-24,2023-09-18
98,Farhan Hayer,2023-10-08,2023-05-16
99,Navya Garg,2023-08-21,2023-10-13
100,Pihu Zachariah,2024-03-03,2023-09-18
101,Mannat Ram,2024-02-05,2024-11-10
102,Yakshit Sekhon,2023-11-30,2025-01-30
103,Eshani Arora,2023-03-17,2023-04-14
104,Lakshit Loke,2023-04-25,2022-10-25
105,Mamooty Wable,2025-01-20,2025-02-28
106,Ivana Jaggi,2023-09-15,2022-04-23
107,Rania Tripathi,2023-10-01,2023-02-05
108,Vidur Kale,2023-02-11,2023-09-05
109,Ivana Tailor,2024-04-25,2022-09-14
110,Vritika Agrawal,2024-11-06,2022-12-09
111,Ahana  Chand,2022-10-02,2024-06-26
112,Seher Sibal,2022-05-03,2024-07-28
113,Riaan Butala,2023-12-23,2022-09-15
114,Ahana  Subramaniam,2023-02-28,2024-07-21
115,Yashvi Saxena,2023-02-20,2024-04-08
116,Hiran Dube,2022-12-12,2023-12-18
117,Nitara Dugal,2022-08-21,2022-05-08
118,Elakshi Bhavsar,2022-06-24,2022-09-29
119,Ivan Vyas,2024-06-08,2023-09-05
120,Kiara Chaudhuri,2023-03-06,2025-01-20
121,Anya Agate,2022-04-15,2023-08-24
122,Tiya Tella,2025-01-30,2023-10-27
123,Darshit Gola,2024-11-29,2023-11-14
124,Tarini Bhattacharyya,2022-09-16,2022-04-19
125,Raghav Halder,2024-02-06,2022-11-26
126,Elakshi Char,2024-05-05,2023-11-25
127,Prerak Dhingra,2024-11-24,2024-12-07
128,Bhamini Dyal,2023-01-15,2025-01-13
129,Zeeshan Joshi,2023-08-31,2022-04-22
130,Ivana Upadhyay,2023-01-14,2024-06-16
131,Pihu Jani,2024-05-30,2024-05-07
132,Yasmin Bobal,2024-07-04,2023-09-07
133,Riaan Kapoor,2022-05-27,2023-04-19
134,Gatik Suri,2022-10-09,2024-05-30
135,Riaan Mangat,2023-02-24,2024-09-07
136,Nishith Bahri,2024-12-27,2023-12-26
137,Neysa Sanghvi,2023-08-28,2023-05-30
138,Hrishita Arya,2025-02-27,2024-02-23
139,Gokul Bhat,2023-12-10,2022-08-02
140,Dishani Hans,2024-11-29,2024-07-11
141,Eshani Kuruvilla,2024-06-01,2024-01-13
142,Sara Jha,2023-08-24,2024-12-10
143,Sara Wason,2022-05-31,2024-08-21
144,Adira Wable,2022-10-21,2024-12-21
145,Madhup Chhabra,2023-02-22,2022-05-19
146,Neelofar Suresh,2024-10-24,2024-01-17
147,Faiyaz Chaudhary,2024-08-04,2024-01-26
148,Advika Karnik,2022-06-08,2025-01-27
149,Alisha Konda,2024-03-31,2024-01-21
150,Darshit Warrior,2023-12-27,2024-04-29
151,Piya Malhotra,2024-11-13,2023-08-08
152,Raunak Virk,2022-12-09,2025-02-24
153,Kavya Saxena,2022-09-05,2024-02-21
154,Ojas Bansal,2022-07-27,2022-07-07
155,Dishani Acharya,2024-04-09,2025-01-01
156,Tejas Upadhyay,2022-11-15,2022-09-26
157,Manikya Dani,2022-04-26,2025-01-25
158,Badal Joshi,2023-03-05,2024-01-28
159,Vanya Wadhwa,2023-05-05,2022-08-23
160,Samiha Walla,2024-05-19,2024-11-02
161,Kismat Swaminathan,2024-05-27,2023-11-08
162,Adira Dayal,2023-05-19,2024-08-23
163,Piya Kade,2023-08-17,2025-02-24
164,Shalv Som,2023-12-30,2023-05-26
165,Alia Shenoy,2024-01-31,2022-05-17
166,Shayak Vora,2024-03-26,2023-08-10
167,Zaina Khosla,2024-01-05,2024-01-02
168,Taran Sur,2022-08-06,2023-01-27
169,Suhana Devan,2023-01-31,2022-05-16
170,Neelofar Sachdev,2023-09-05,2023-02-05
171,Shray Suresh,2022-05-07,2022-03-11
172,Nirvaan Singh,2024-03-10,2022-09-24
173,Khushi Kamdar,2022-06-02,2024-06-14
174,Krish Sarraf,2024-07-14,2024-09-12
175,Ahana  Kala,2022-07-14,2024-10-04
176,Hazel Kannan,2022-12-17,2022-10-07
177,Aaryahi Basu,2024-01-24,2023-08-09
178,Anvi Sangha,2025-01-11,2023-11-10
179,Vedika Chana,2024-03-09,2024-06-22
180,Ranbir Dhingra,2024-12-25,2023-10-29
181,Samar Bali,2024-10-05,2024-11-12
182,Reyansh Chhabra,2023-05-09,2023-11-30
183,Mahika Chokshi,2022-08-02,2023-06-05
184,Prisha Ben,2023-01-22,2024-08-02
185,Biju Rau,2022-06-20,2024-12-16
186,Sana Gulati,2024-08-03,2024-10-03
187,Krish Singh,2023-05-28,2025-03-04
188,Urvi Magar,2024-02-14,2024-08-03
189,Khushi Grover,2024-11-18,2024-04-21
190,Samarth Chakraborty,2023-02-24,2024-12-04
191,Ojas Kadakia,2024-08-23,2023-02-02
192,Vidur Chauhan,2022-08-25,2025-01-24
193,Sahil Subramanian,2025-01-13,2024-02-20
194,Anika Golla,2024-09-21,2023-08-09
195,Jhanvi Edwin,2022-12-11,2024-12-11
196,Zain Sachdev,2024-09-03,2022-10-08
197,Jhanvi Agate,2024-08-13,2023-11-29
198,Jivika Dugar,2024-06-28,2023-02-02
199,Saanvi Shere,2023-09-10,2022-11-18
200,Anay Saha,2024-11-24,2023-04-06
201,Nayantara Halder,2023-09-06,2024-07-17
202,Ojas Mandal,2024-12-12,2022-06-01
203,Sahil Walla,2024-07-08,2023-07-21
204,Miraan Trivedi,2023-08-09,2024-02-24
205,Trisha Kale,2024-06-01,2022-11-11
206,Vivaan Shan,2023-06-18,2022-12-21
207,Dharmajan Hans,2023-08-25,2022-09-14
208,Aaina Kapur,2022-04-16,2024-11-07
209,Amani Sangha,2024-07-23,2023-07-03
210,Reyansh Sani,2024-12-26,2024-08-10
211,Alisha Som,2024-10-08,2024-11-01
212,Pihu Babu,2023-10-03,2022-08-12
213,Kanav Banerjee,2022-05-19,2023-04-10
214,Lakshay Behl,2022-05-09,2022-05-13
215,Indrajit Salvi,2025-02-21,2023-10-26
216,Tejas Mander,2023-11-28,2022-06-12
217,Advik Bhargava,2022-09-06,2022-06-06
218,Drishya Dutt,2023-03-31,2023-03-11
219,Vardaniya Kala,2024-02-05,2022-08-23
220,Anika Mammen,2023-08-14,2022-10-16
221,Aaryahi Behl,2023-06-24,2023-11-28
222,Shalv Dutta,2022-12-30,2023-11-02
223,Amani Ben,2025-02-21,2025-02-02
224,Drishya Sridhar,2023-12-25,2023-04-04
225,Zeeshan Sehgal,2023-05-25,2023-07-26
226,Mishti Thakkar,2022-08-14,2024-10-02
227,Dharmajan Gandhi,2024-04-11,2022-09-07
228,Trisha Jha,2024-10-11,2022-08-13
229,Chirag Shetty,2023-08-22,2024-11-05
230,Badal Sood,2024-05-29,2024-07-28
231,Vedika Gupta,2024-10-14,2024-11-26
232,Prerak Virk,2024-12-16,2023-06-26
233,Azad Magar,2024-03-30,2022-09-08
234,Lavanya Sarma,2022-06-20,2024-03-12
235,Jhanvi Barad,2022-08-31,2022-09-21
236,Onkar Krishnan,2023-08-26,2024-12-23
237,Kiara Chand,2025-01-18,2022-05-07
238,Mamooty Buch,2023-12-20,2024-11-08
239,Myra Korpal,2023-07-06,2022-12-20
240,Aarush Goel,2023-09-06,2025-01-19
241,Ira Reddy,2025-01-04,2022-12-05
242,Farhan Rajagopalan,2024-09-30,2024-01-12
243,Dharmajan Arya,2023-11-05,2023-05-13
244,Aniruddh Malhotra,2022-11-17,2024-07-11
245,Tiya Dass,2022-06-03,2022-11-01
246,Khushi Kala,2025-02-19,2023-01-01
247,Nirvaan Kamdar,2024-05-18,2024-08-24
248,Kartik Chauhan,2022-09-29,2024-10-05
249,Pari Verma,2025-02-25,2022-09-27
250,Yakshit Anand,2024-01-01,2024-03-23
251,Parinaaz Bajwa,2023-09-12,2022-10-12
252,Yuvraj  Bansal,2022-08-01,2025-01-21
253,Biju Rastogi,2024-07-09,2024-03-31
254,Misha Bansal,2024-12-10,2022-09-22
255,Abram Trivedi,2022-10-23,2024-09-29
256,Chirag Varughese,2023-12-29,2024-02-05
257,Samiha Rau,2024-04-09,2023-04-27
258,Sana Arora,2024-10-25,2024-02-06
259,Kashvi Gade,2024-06-25,2022-10-28
260,Madhup Kumar,2022-06-21,2023-11-12
261,Sumer Lad,2022-09-03,2022-12-05
262,Nirvaan Majumdar,2022-08-13,2024-10-26
263,Baiju Bose,2024-02-05,2022-06-11
264,Oorja Chaudhary,2022-03-27,2022-04-05
265,Anika Thaker,2022-06-16,2023-04-24
266,Indranil Kannan,2022-11-28,2022-06-29
267,Zoya Dixit,2024-10-01,2023-08-30
268,Ritvik Sheth,2023-03-03,2022-10-02
269,Kartik Lala,2022-09-29,2023-11-17
270,Lavanya Raju,2022-04-30,2024-01-16
271,Kaira Kumar,2023-12-09,2022-07-31
272,Jayant Kala,2023-02-06,2024-05-25
273,Suhana Wali,2024-11-09,2023-01-23
274,Nayantara Swamy,2024-06-18,2023-06-17
275,Bhamini Buch,2023-10-27,2022-05-29
276,Miraan Barad,2025-03-01,2023-03-08
277,Zara Sen,2022-05-25,2024-05-23
278,Divij Bera,2023-12-19,2024-10-09
279,Rhea Barad,2022-08-09,2024-12-23
280,Zoya Bajwa,2024-06-04,2023-08-25
281,Kismat Tara,2024-07-03,2022-04-23
282,Ishita Raman,2024-01-24,2023-10-04
283,Nirvaan Korpal,2024-11-17,2025-02-02
284,Kanav Dhillon,2023-03-04,2024-08-14
285,Miraan Tak,2024-07-24,2022-03-10
286,Badal Karan,2023-01-04,2022-06-18
287,Damini Bala,2023-01-01,2022-05-12
288,Aaryahi Agarwal,2024-05-15,2024-06-17
289,Riya Reddy,2024-12-24,2022-06-13
290,Samarth Vohra,2025-01-08,2024-07-15
291,Dhruv Mannan,2024-06-30,2023-02-18
292,Fateh Rajagopal,2022-06-29,2022-11-13
293,Samaira Bumb,2024-03-18,2023-07-12
294,Lavanya De,2022-10-17,2022-12-08
295,Ishaan Tripathi,2024-10-12,2023-10-11
296,Chirag Bawa,2024-06-10,2025-02-12
297,Mahika Dayal,2023-03-03,2023-12-26
298,Manjari Vasa,2023-11-16,2024-01-05
299,Bhavin Dalal,2024-04-17,2024-01-10
300,Azad Lad,2025-01-05,2022-07-09
301,Veer Dhar,2024-06-10,2022-08-17
302,Sara Balasubramanian,2023-09-02,2023-05-22
303,Eva Ramanathan,2024-05-10,2024-09-26
304,Mishti Gara,2024-10-09,2022-07-27
305,Zeeshan Lata,2023-07-26,2025-02-19
306,Yashvi Kohli,2024-01-29,2024-12-08
307,Vihaan Malhotra,2023-03-24,2024-11-25
308,Misha Kari,2022-08-12,2023-01-19
309,Ahana  Dayal,2023-06-22,2023-09-20
310,Rhea Kurian,2024-01-26,2024-12-27
311,Lakshit Mahajan,2024-08-26,2023-02-26
312,Rasha Bhargava,2025-01-13,2024-07-03
313,Kashvi Madan,2023-01-05,2025-01-24
314,Yasmin Soni,2025-02-08,2024-02-25
315,Aniruddh Saraf,2022-10-27,2023-12-08
316,Gatik Guha,2025-01-10,2024-12-04
317,Baiju Sanghvi,2024-11-21,2023-09-25
318,Neelofar Saran,2024-04-11,2025-02-07
319,Tiya Balasubramanian,2024-12-11,2024-10-16
320,Miraya Balasubramanian,2022-06-18,2022-07-06
321,Renee Arora,2023-02-09,2024-07-23
322,Madhav Manda,2023-05-11,2024-06-24
323,Samar Kapur,2025-01-04,2023-05-12
324,Divij Madan,2024-01-19,2023-05-28
325,Parinaaz Tara,2024-08-27,2024-08-27
326,Mahika Shere,2024-07-21,2022-11-20
327,Kanav Gill,2023-03-24,2022-06-15
328,Kimaya Bali,2024-03-16,2024-05-15
329,Navya Wason,2022-12-21,2022-10-19
330,Kimaya Dalal,2022-04-20,2024-06-21
331,Krish Manda,2024-08-14,2022-11-26
332,Mahika Dyal,2024-08-31,2022-06-24
333,Baiju Chaudhry,2022-06-18,2022-03-28
334,Dhanuk Bhardwaj,2023-08-16,2023-06-28
335,Ishaan Kaul,2022-05-02,2022-08-26
336,Krish Bhatia,2023-02-16,2024-08-24
337,Anahita Vig,2024-10-11,2024-07-30
338,Azad Samra,2022-11-28,2023-07-11
339,Jivin Keer,2024-07-21,2022-07-29
340,Hazel Sen,2023-01-29,2024-08-31
341,Ryan Sood,2024-04-26,2024-09-13
342,Anvi Bhagat,2024-11-14,2022-03-12
343,Jayesh Gupta,2025-02-23,2022-08-16
344,Emir Bahl,2022-05-07,2024-07-16
345,Indrans Andra,2025-02-02,2024-07-11
346,Jhanvi Dhar,2024-01-22,2023-08-22
347,Tara Chawla,2023-04-14,2024-03-01
348,Kiara Sehgal,2022-09-28,2023-05-09
349,Samar Wadhwa,2023-04-19,2023-11-18
350,Vardaniya Gera,2022-05-31,2023-06-10
351,Aayush Keer,2022-09-28,2023-09-06
352,Neysa Mandal,2022-06-26,2022-09-23
353,Romil Brar,2023-02-06,2022-05-06
354,Aaryahi Sethi,2023-07-19,2023-09-21
355,Purab Som,2024-01-31,2024-08-28
356,Miraya Bhavsar,2024-07-14,2023-12-21
357,Shlok Jayaraman,2024-08-07,2024-05-28
358,Ranbir Issac,2023-06-07,2023-07-16
359,Kanav Dalal,2023-05-19,2024-01-13
360,Tara Sandhu,2024-06-15,2024-07-18
361,Vivaan Sanghvi,2022-10-07,2022-12-01
362,Anaya Jaggi,2024-11-09,2024-04-25
363,Pranay Balakrishnan,2024-01-29,2022-11-22
364,Gatik Dhingra,2022-08-14,2024-02-08
365,Vivaan Sachdev,2024-06-20,2022-04-14
366,Eshani Seshadri,2022-08-31,2024-07-22
367,Keya Magar,2024-01-08,2022-06-04
368,Samaira Sarma,2024-06-04,2024-03-17
369,Anahi Chakrabarti,2023-08-19,2024-03-26
370,Shamik Dhar,2023-09-27,2023-09-25
371,Siya Sunder,2023-06-12,2023-11-19
372,Prisha Mammen,2024-04-17,2024-01-22
373,Pihu Mangat,2022-10-24,2023-08-10
374,Samiha Sidhu,2023-07-20,2022-06-07
375,Badal Walla,2023-06-24,2022-06-15
376,Adah Hora,2023-03-16,2022-04-09
377,Misha Mann,2023-06-30,2023-06-17
378,Anaya Rama,2024-02-28,2024-02-29
379,Gatik Wagle,2024-08-22,2024-02-10
380,Vihaan Dyal,2022-10-29,2023-10-12
381,Jayesh Buch,2024-02-14,2024-01-04
382,Indrajit Chopra,2022-09-17,2022-09-07
383,Saanvi Hora,2023-12-17,2022-11-29
384,Shayak Gola,2024-09-03,2022-07-07
385,Tushar Soni,2022-06-30,2022-11-14
386,Mehul Kapur,2024-05-02,2023-08-09
387,Zeeshan Yohannan,2024-05-01,2023-08-04
388,Suhana Vig,2022-09-09,2023-03-08
389,Bhamini Mammen,2022-12-11,2022-08-30
390,Mannat Vasa,2023-10-28,2022-05-15
391,Mamooty Loke,2024-10-22,2024-11-09
392,Zaina Babu,2023-01-22,2024-01-21
393,Urvi Goswami,2024-12-18,2023-01-14
394,Shanaya Buch,2022-06-16,2023-03-02
395,Seher Vala,2023-01-30,2022-09-14
396,Kiara Bhatti,2023-09-11,2024-05-19
397,Anya Tank,2022-08-26,2023-12-30
398,Mishti Sant,2022-11-29,2023-12-28
399,Hrishita Halder,2023-07-27,2023-12-26
400,Shalv Karnik,2025-02-06,2024-09-05
401,Nitya Bhakta,2023-05-03,2023-05-30
402,Neelofar Kurian,2023-03-12,2022-05-17
403,Kismat Dubey,2023-07-07,2024-06-18
404,Lavanya Desai,2024-08-30,2022-05-19
405,Miraya Wason,2022-06-17,2024-09-04
406,Jayesh Arora,2024-03-24,2024-11-27
407,Vanya Lal,2022-04-07,2022-05-22
408,Stuvan Contractor,2022-12-01,2023-11-21
409,Ritvik Zachariah,2023-04-13,2024-06-22
410,Navya Dewan,2023-03-09,2022-07-08
411,Rhea Chhabra,2023-01-10,2022-04-28
412,Ryan Bakshi,2024-12-21,2023-07-17
413,Uthkarsh Yogi,2023-01-01,2023-11-10
414,Anay Yadav,2024-05-04,2022-10-01
415,Advik Shanker,2022-05-02,2024-09-05
416,Biju Karpe,2024-12-21,2023-12-14
417,Tushar Buch,2022-08-29,2023-07-15
418,Indrajit Borde,2022-06-03,2022-03-07
419,Kashvi Sur,2022-12-15,2023-05-26
420,Rati Uppal,2022-04-29,2024-02-28
421,Himmat Koshy,2024-05-07,2023-07-16
422,Mannat Majumdar,2024-05-19,2024-02-21
423,Hunar Butala,2024-04-21,2022-06-28
424,Nirvi Kamdar,2024-06-28,2024-01-26
425,Jayan Kaur,2023-05-12,2023-06-30
426,Anahita Raju,2024-11-26,2025-02-27
427,Nirvaan Chhabra,2024-05-29,2023-03-09
428,Vanya Tank,2022-03-27,2024-10-25
429,Nirvaan Gour,2024-08-24,2024-09-05
430,Dhanush Sanghvi,2024-12-10,2022-06-15
431,Dhanush Rastogi,2023-07-30,2024-03-07
432,Samar Talwar,2023-04-08,2023-03-06
433,Rati Tak,2025-01-18,2024-11-20
434,Azad Brahmbhatt,2023-02-02,2023-07-03
435,Abram Kapadia,2022-12-11,2024-09-05
436,Vihaan Ahuja,2023-03-22,2023-04-15
437,Yakshit Aggarwal,2022-08-04,2024-03-20
438,Kiara Thakkar,2022-11-07,2022-04-21
439,Lakshay Chowdhury,2023-09-21,2025-01-26
440,Manjari Savant,2023-09-14,2024-07-08
441,Miraya Gupta,2023-08-01,2023-06-05
442,Hiran Mani,2023-06-30,2025-02-07
443,Saira Ravel,2023-12-13,2023-11-08
444,Gatik Tak,2025-02-25,2024-05-04
445,Shlok Hans,2022-04-15,2022-09-21
446,Umang Mani,2024-12-13,2022-05-05
447,Eshani Mall,2024-05-14,2024-07-19
448,Ritvik Dara,2024-07-16,2024-06-10
449,Ivan Karan,2023-05-27,2024-09-30
450,Shanaya Atwal,2023-12-30,2022-08-02
451,Hazel Barman,2023-09-22,2024-10-21
452,Hrishita Kant,2023-10-17,2024-03-14
453,Kiaan Agate,2024-01-30,2023-02-14
454,Anaya Loke,2024-12-24,2025-02-06
455,Kabir Butala,2023-01-18,2023-06-14
456,Raghav Sachdev,2022-12-18,2022-12-03
457,Yasmin Sagar,2025-02-12,2022-06-06
458,Shaan Bhardwaj,2023-01-03,2024-12-05
459,Madhup Bhatia,2024-05-27,2022-12-21
460,Sana Salvi,2023-03-09,2022-03-26
461,Aarush Bhasin,2024-04-09,2024-04-03
462,Abram Chawla,2022-07-14,2024-02-03
463,Mamooty Sarma,2023-07-03,2023-12-13
464,Kimaya Singhal,2022-12-08,2024-11-16
465,Vritika Ganesan,2022-08-15,2024-10-30
466,Shayak Sabharwal,2024-04-11,2024-04-04
467,Divit Lanka,2024-12-04,2022-05-11
468,Dishani Khosla,2022-10-12,2022-06-06
469,Vihaan Wable,2024-09-03,2022-12-23
470,Drishya Sharma,2023-10-17,2024-05-04
471,Yuvraj  Kala,2023-12-28,2022-06-19
472,Aarush Kant,2025-01-23,2023-12-17
473,Nitya Goyal,2022-05-17,2022-08-14
474,Madhup Chandra,2022-09-08,2025-01-20
475,Dhruv Thakur,2022-11-21,2024-10-02
476,Keya Barad,2024-03-27,2022-05-23
477,Ritvik Chaudhary,2023-12-03,2024-07-22
478,Jayan Magar,2023-01-25,2022-11-24
479,Miraan Jha,2024-09-11,2022-07-14
480,Prisha Sood,2025-02-27,2024-10-12
481,Adah Chandran,2024-10-28,2024-12-21
482,Hunar Ahuja,2023-05-10,2023-05-09
483,Khushi Chawla,2022-05-08,2022-12-03
484,Uthkarsh Mall,2024-02-05,2022-04-29
485,Arhaan Chandran,2025-01-15,2024-10-23
486,Ryan Gera,2022-11-12,2023-01-11
487,Ojas Vora,2022-08-03,2024-10-10
488,Shaan Tank,2024-11-14,2022-11-29
489,Miraan Chawla,2022-05-29,2023-04-20
490,Zara Sachdeva,2024-03-28,2024-07-30
491,Adira Sodhi,2024-08-21,2022-06-07
492,Nehmat Ghosh,2022-08-19,2023-08-23
493,Navya Kothari,2023-07-08,2022-10-01
494,Riya Keer,2022-04-15,2023-06-27
495,Miraya Sachdeva,2024-05-07,2022-03-20
496,Taran Chhabra,2024-01-07,2022-05-13
497,Damini Khatri,2024-09-01,2024-10-16
498,Raghav Butala,2022-07-08,2024-04-06
499,Tara Ratti,2022-04-30,2024-10-04
500,Nehmat Venkatesh,2024-02-06,2024-09-15
501,Keya Walia,2022-05-08,2023-10-26
502,Mohanlal Chada,2023-02-23,2024-07-26
503,Shaan Bir,2024-10-11,2022-06-09
504,Himmat Thakur,2022-10-02,2023-07-14
505,Ryan Soman,2022-10-07,2023-11-03
506,Miraya Gupta,2023-05-18,2023-12-27
507,Prisha Chawla,2022-04-01,2024-12-02
508,Vanya Sanghvi,2022-12-11,2024-06-04
509,Myra Andra,2023-04-11,2024-02-24
510,Reyansh Dhawan,2022-06-15,2023-11-05
511,Nitya Gandhi,2023-06-10,2023-07-26
512,Saksham Keer,2024-01-22,2023-04-03
513,Dharmajan Vasa,2022-10-17,2023-10-15
514,Madhup Dutta,2023-08-23,2022-03-22
515,Misha Chanda,2024-12-23,2022-05-09
516,Shayak Soman,2023-11-08,2024-02-15
517,Rohan Sidhu,2022-04-21,2022-08-01
518,Tushar Sarna,2022-07-31,2024-08-14
519,Tushar Lad,2022-03-13,2023-09-22
520,Pihu Rana,2022-10-12,2024-08-26
521,Dhruv Bose,2024-12-02,2024-08-16
522,Madhav Hans,2024-07-25,2024-08-28
523,Hunar Magar,2022-05-02,2024-03-14
524,Jayan Mand,2024-09-28,2022-11-20
525,Kabir Wason,2024-01-05,2023-05-07
526,Ritvik Vig,2023-12-18,2024-12-20
527,Vidur Sunder,2023-02-05,2023-10-13
528,Sana Dhillon,2024-03-07,2022-03-09
529,Anvi Bhargava,2022-09-03,2022-07-02
530,Siya Kulkarni,2023-03-29,2023-11-13
531,Sara Bedi,2024-03-20,2023-09-27
532,Vanya Krishna,2023-12-22,2023-04-07
533,Anahi Deo,2022-07-20,2022-07-30
534,Sara Mane,2022-07-16,2023-06-03
535,Chirag Sastry,2023-01-13,2024-08-23
536,Rania Bahri,2023-04-08,2023-09-28
537,Shanaya Gala,2023-11-22,2022-05-26
538,Khushi Sachar,2023-06-02,2023-08-21
539,Kabir Karnik,2024-11-14,2023-02-20
540,Jivin Mander,2022-08-06,2023-01-13
541,Bhavin Bakshi,2022-07-08,2024-10-13
542,Jayan Mall,2023-02-06,2024-03-16
543,Elakshi Tank,2022-05-17,2023-08-11
544,Faiyaz Zacharia,2024-06-19,2022-12-04
545,Fateh Amble,2023-09-29,2023-07-19
546,Armaan Gaba,2024-02-06,2023-10-05
547,Bhavin Sharma,2024-09-22,2024-05-02
548,Vidur Bose,2023-09-10,2022-08-29
549,Sumer Tailor,2023-10-03,2022-04-27
550,Devansh Wason,2022-08-24,2023-03-22
551,Miraya Sachar,2023-04-23,2022-05-08
552,Diya Kala,2022-07-30,2023-09-05
553,Nayantara Arora,2023-04-18,2025-03-03
554,Kartik Thakkar,2022-08-22,2024-08-05
555,Anay Kashyap,2023-10-26,2023-07-09
556,Lakshit Sangha,2022-04-12,2024-07-21
557,Shamik Majumdar,2022-12-17,2023-03-05
558,Dharmajan Borra,2023-04-30,2024-06-29
559,Dhruv Desai,2024-04-19,2025-02-04
560,Jivin Taneja,2022-04-20,2023-05-27
561,Nakul Tandon,2025-01-15,2022-05-07
562,Zoya Dash,2024-05-01,2025-02-24
563,Aaina Warrior,2023-06-10,2022-12-12
564,Nehmat Shankar,2024-07-16,2022-06-01
565,Vardaniya Konda,2024-01-20,2022-10-27
566,Ranbir Gade,2024-10-27,2024-05-16
567,Raunak Singhal,2023-10-06,2025-01-26
568,Rania Barad,2022-06-05,2024-10-02
569,Ayesha Grewal,2024-09-28,2022-06-19
570,Kartik Ganesh,2022-12-22,2022-11-01
571,Krish Gara,2023-02-27,2023-07-20
572,Purab Bobal,2024-01-01,2024-08-29
573,Ehsaan Bera,2022-05-17,2022-06-09
574,Kismat Magar,2023-03-12,2023-01-26
575,Samiha Dani,2023-07-23,2024-04-30
576,Jayan Saran,2023-12-22,2022-09-07
577,Madhup Gupta,2022-10-29,2023-08-27
578,Faiyaz Garde,2024-03-29,2024-06-25
579,Shamik Badal,2022-10-29,2024-12-13
580,Alia Bumb,2022-08-19,2024-05-22
581,Manikya Seshadri,2024-07-22,2022-04-04
582,Samar Deep,2022-10-08,2024-12-26
583,Ivan Sastry,2022-10-26,2023-03-11
584,Dhanuk Rajagopal,2022-09-29,2025-01-11
585,Elakshi Shankar,2023-12-12,2024-01-06
586,Gatik Kar,2023-04-26,2024-06-26
587,Prerak Bail,2023-04-07,2022-07-02
588,Samaira Toor,2024-04-23,2024-08-31
589,Tejas Cheema,2023-03-13,2022-03-18
590,Zain Garg,2025-01-05,2024-10-10
591,Myra Badami,2023-02-20,2025-01-26
592,Kiaan Char,2023-08-04,2024-02-26
593,Heer Sawhney,2022-10-01,2022-03-17
594,Aaina Boase,2024-04-25,2024-01-30
595,Anay Shanker,2022-10-07,2023-11-12
596,Anya Johal,2024-01-21,2022-08-15
597,Siya Chahal,2024-10-11,2023-02-03
598,Kartik Korpal,2024-06-09,2023-01-23
599,Urvi Mallick,2022-04-21,2023-09-27
600,Biju Devan,2023-08-14,2024-06-11
601,Azad Kunda,2022-08-08,2022-09-11
602,Aradhya Koshy,2023-01-15,2024-01-22
603,Lagan Agate,2022-10-24,2023-12-18
604,Suhana Taneja,2022-04-10,2024-11-13
605,Ojas Chad,2023-09-05,2024-01-25
606,Saksham Bora,2022-12-09,2025-03-02
607,Vihaan Iyengar,2024-07-02,2022-05-30
608,Siya Sood,2022-06-24,2025-02-18
609,Ishaan Kale,2022-08-03,2024-11-07
610,Dhanuk Koshy,2025-02-07,2022-06-05
611,Jiya Saxena,2023-08-29,2024-09-16
612,Ela Swamy,2024-12-23,2023-08-17
613,Pari Gopal,2024-01-19,2023-01-04
614,Samaira Dash,2024-02-08,2023-07-22
615,Navya Dhaliwal,2023-09-19,2024-05-11
616,Yasmin Brahmbhatt,2024-06-01,2022-12-25
617,Badal Sachdeva,2023-01-10,2024-09-24
618,Lagan Karpe,2022-05-15,2023-12-02
619,Divij Borah,2023-03-29,2023-04-26
620,Manikya Tandon,2024-08-29,2024-08-13
621,Lakshay Datta,2024-08-29,2023-08-11
622,Ayesha Chopra,2024-04-13,2024-01-26
623,Oorja Ganguly,2022-06-06,2022-09-02
624,Yasmin Lad,2022-04-12,2024-07-21
625,Siya Bath,2023-09-01,2022-07-25
626,Anvi Bawa,2022-06-07,2024-11-28
627,Vivaan Rama,2023-01-29,2023-06-19
628,Uthkarsh Banik,2023-03-29,2024-01-15
629,Kaira Roy,2024-09-11,2023-12-24
630,Zaina Tak,2025-01-27,2023-12-17
631,Baiju Gour,2022-10-09,2023-01-18
632,Kartik Gopal,2023-01-15,2023-02-12
633,Saira Babu,2022-06-23,2023-08-24
634,Vaibhav Ghosh,2023-03-12,2022-10-07
635,Veer Suresh,2025-01-17,2024-01-16
636,Hiran Anand,2024-01-05,2024-01-01
637,Sara Kakar,2024-12-31,2022-07-10
638,Jayesh Kant,2022-12-20,2022-08-21
639,Misha Bhakta,2024-07-27,2022-10-08
640,Alia Kapadia,2024-06-16,2022-04-25
641,Pari Bir,2025-01-19,2022-09-08
642,Zaina Garg,2022-09-22,2022-05-28
643,Veer D’Alia,2022-06-16,2023-07-17
644,Vihaan Dora,2024-01-23,2023-02-09
645,Shalv Sha,2023-06-22,2022-03-24
646,Shamik Badami,2024-12-16,2023-03-28
647,Rati Bera,2022-11-20,2023-11-29
648,Bhamini Salvi,2024-05-01,2023-04-22
649,Samar Salvi,2023-05-01,2025-03-05
650,Shayak Mannan,2023-05-15,2023-02-11
651,Seher Manne,2022-07-12,2025-01-25
652,Devansh Kothari,2024-03-16,2024-06-18
653,Shamik Desai,2023-10-18,2022-05-02
654,Saanvi Samra,2024-10-16,2024-05-10
655,Rhea Gaba,2024-11-01,2023-09-09
656,Tara Sami,2022-10-29,2025-02-22
657,Kismat Chaudhuri,2023-02-13,2022-07-01
658,Kimaya Behl,2024-02-22,2022-06-03
659,Ahana  Sarma,2022-09-25,2022-06-19
660,Indrans Gour,2023-04-08,2024-01-22
661,Oorja Borde,2025-01-24,2024-06-24
662,Darshit Sandal,2022-12-31,2024-11-26
663,Lakshit Kurian,2024-03-22,2022-04-06
664,Aaryahi Balay,2022-10-24,2024-01-20
665,Neelofar Barman,2023-05-19,2023-01-11
666,Tushar Korpal,2024-01-03,2022-06-19
667,Jayan Deo,2022-08-23,2023-10-01
668,Azad Chad,2023-07-18,2023-04-07
669,Farhan Badal,2024-05-20,2022-09-17
670,Akarsh Ram,2023-09-07,2024-10-31
671,Tanya Sami,2023-07-07,2023-05-15
672,Divit Varty,2024-04-06,2022-12-29
673,Advik Taneja,2024-05-29,2022-05-14
674,Kaira Hans,2024-09-24,2023-08-03
675,Ishaan Lanka,2023-05-20,2024-01-03
676,Hazel Jha,2024-02-12,2023-01-29
677,Ojas Viswanathan,2023-07-30,2024-02-05
678,Kabir Subramanian,2022-10-05,2023-06-05
679,Divij Suresh,2022-12-16,2022-05-13
680,Vihaan Bhakta,2022-10-28,2025-01-05
681,Anahita Vyas,2022-07-27,2023-12-29
682,Kiaan Dasgupta,2024-12-22,2022-04-23
683,Rati Chawla,2024-02-01,2022-08-14
684,Indrajit Das,2022-10-16,2023-08-22
685,Parinaaz Mander,2022-09-20,2025-02-20
686,Shalv Saraf,2022-09-05,2022-12-18
687,Rati De,2022-04-04,2022-09-15
688,Ivan Ramachandran,2024-07-29,2022-08-09
689,Myra Sarkar,2023-07-31,2023-12-08
690,Uthkarsh Karpe,2024-10-30,2023-03-02
691,Shayak Varma,2022-10-26,2024-09-29
692,Indranil Yohannan,2024-01-12,2023-12-27
693,Seher Kala,2023-06-10,2022-05-20
694,Darshit Khurana,2022-11-24,2022-07-22
695,Shayak Kant,2022-04-23,2023-02-05
696,Biju Sagar,2022-08-26,2022-12-07
697,Riaan Krishnan,2023-10-24,2024-03-30
698,Kaira Shetty,2025-03-03,2023-09-07
699,Samarth Goel,2022-10-13,2024-11-30
700,Kashvi Bose,2022-12-28,2023-01-20
701,Ritvik Tandon,2022-11-26,2023-09-27
702,Adah Apte,2022-12-16,2022-03-27
703,Darshit Sant,2025-01-06,2022-07-16
704,Dishani Sant,2023-11-14,2022-12-15
705,Nirvaan Bhardwaj,2024-08-28,2024-03-19
706,Kimaya Randhawa,2024-04-29,2024-08-25
707,Aradhya Agate,2022-09-29,2024-06-30
708,Nayantara Ramanathan,2024-08-25,2024-10-18
709,Indrans Taneja,2022-03-18,2024-04-06
710,Ira Sane,2022-12-20,2024-12-04
711,Kartik Bandi,2025-01-04,2024-05-21
712,Diya Sabharwal,2024-01-30,2024-09-05
713,Nishith Saran,2023-07-25,2023-03-16
714,Aarush Behl,2024-08-31,2023-04-21
715,Advika Lanka,2024-02-05,2022-11-14
716,Shaan Soman,2022-09-27,2024-11-03
717,Drishya Venkatesh,2024-01-04,2024-12-12
718,Madhup Rege,2023-06-12,2025-02-25
719,Mishti Shenoy,2023-07-10,2023-08-04
720,Kimaya Suri,2022-06-16,2024-02-18
721,Stuvan Korpal,2022-06-24,2024-04-27
722,Mehul Reddy,2023-07-03,2024-01-02
723,Hunar Dua,2024-09-07,2022-09-28
724,Tejas Datta,2023-11-03,2024-05-09
725,Anaya Hayre,2023-05-29,2025-01-13
726,Kaira Majumdar,2023-06-19,2022-06-10
727,Amani Saraf,2024-05-20,2023-10-20
728,Madhav Rastogi,2023-05-22,2022-07-07
729,Siya Kalita,2022-06-05,2024-01-25
730,Ahana  Cherian,2022-03-17,2024-07-26
731,Renee Gulati,2023-07-31,2022-04-25
732,Badal Seshadri,2024-03-29,2024-05-12
733,Manjari Hari,2024-02-15,2023-09-19
734,Bhavin Kibe,2024-10-09,2024-01-21
735,Anaya Krish,2023-04-01,2025-01-24
736,Nehmat Shetty,2023-08-11,2023-03-28
737,Divit Dani,2022-12-04,2023-01-22
738,Kaira Borah,2025-02-15,2023-03-04
739,Arhaan Seshadri,2024-05-06,2024-05-27
740,Nehmat Varughese,2022-06-15,2023-05-12
741,Aayush Sathe,2023-11-01,2023-11-20
742,Akarsh Thaman,2024-04-19,2024-07-13
743,Miraya Mammen,2024-05-04,2022-12-05
744,Uthkarsh Suri,2025-01-17,2023-04-13
745,Krish Cherian,2023-06-20,2022-05-05
746,Jayesh Kapur,2024-01-03,2024-11-04
747,Abram Dixit,2024-04-17,2024-01-02
748,Miraan Zachariah,2022-05-23,2022-11-15
749,Vaibhav Khalsa,2023-11-27,2024-02-23
750,Nirvi Ramakrishnan,2025-02-18,2024-08-15
751,Vritika Dash,2023-03-11,2024-07-11
752,Tushar Thakkar,2023-02-06,2022-06-19
753,Kavya Venkatesh,2024-12-17,2024-07-23
754,Prisha Sachdeva,2023-02-16,2024-09-02
755,Alia Tara,2022-08-02,2022-03-23
756,Diya Sundaram,2022-12-11,2025-03-01
757,Mehul Hayer,2022-03-28,2022-04-12
758,Pranay Ramachandran,2022-07-24,2025-02-13
759,Vardaniya Golla,2023-10-24,2022-05-08
760,Lavanya Tandon,2022-10-18,2024-12-02
761,Nayantara Lall,2023-06-19,2024-05-04
762,Kavya Sridhar,2024-03-30,2023-04-23
763,Taimur Dara,2022-12-03,2024-07-13
764,Indrans Mander,2023-08-13,2023-09-22
765,Indranil Biswas,2024-11-28,2023-04-21
766,Samar Shroff,2024-09-08,2023-02-16
767,Ritvik Kibe,2023-10-20,2023-07-05
768,Azad Gole,2023-12-18,2023-05-26
769,Emir Srivastava,2023-05-01,2023-11-03
770,Vritika Sarin,2022-05-03,2024-04-11
771,Devansh Kata,2023-08-21,2024-05-08
772,Pihu Bhatia,2022-03-13,2023-05-19
773,Lagan Dhar,2024-09-13,2023-02-11
774,Sana Badal,2024-11-29,2023-10-26
775,Tushar Ravi,2023-09-01,2024-12-06
776,Reyansh Choudhury,2022-03-14,2022-03-15
777,Abram Ranganathan,2024-04-13,2024-02-26
778,Divij Tella,2023-09-24,2022-12-15
779,Mamooty Tandon,2024-03-17,2024-03-30
780,Divit Gupta,2025-02-15,2023-03-20
781,Aradhya Wali,2023-10-26,2024-05-26
782,Hiran Bakshi,2023-07-31,2022-03-10
783,Mamooty Thaker,2024-07-18,2025-01-12
784,Pranay Dhar,2022-12-17,2023-02-28
785,Shalv Raja,2024-12-18,2022-06-26
786,Saksham Ratta,2022-07-10,2024-11-19
787,Dhanush Wadhwa,2024-12-16,2023-10-15
788,Darshit Sekhon,2022-10-30,2025-03-02
789,Ritvik Verma,2022-09-07,2024-10-04
790,Raghav Jayaraman,2023-04-10,2024-10-08
791,Abram Gera,2023-01-12,2023-08-10
792,Dhanush Bobal,2024-01-06,2022-06-21
793,Umang Kannan,2024-05-31,2023-02-03
794,Samiha Krish,2024-09-12,2023-05-14
795,Emir Buch,2023-08-30,2023-09-03
796,Kimaya Ramanathan,2022-08-25,2025-01-27
797,Alia Tank,2022-07-26,2024-07-06
798,Vritika Jain,2024-11-03,2024-04-12
799,Shayak Dyal,2024-11-08,2024-11-24
800,Shayak Kalla,2023-03-17,2024-10-22
801,Anahita Saha,2024-09-25,2023-07-12
802,Adah Johal,2023-07-19,2024-09-01
803,Rati Chauhan,2024-08-21,2024-06-18
804,Aniruddh Joshi,2022-08-13,2022-08-11
805,Yakshit Srivastava,2022-11-12,2022-08-28
806,Aarna Bajaj,2024-12-24,2023-06-30
807,Sana Mandal,2023-07-04,2024-10-24
808,Raunak Ghosh,2023-08-18,2024-08-23
809,Mahika Sathe,2023-11-14,2023-03-20
810,Aayush Kamdar,2024-08-22,2023-11-27
811,Mahika Chakraborty,2023-06-07,2022-09-15
812,Anahita Shankar,2022-06-04,2024-10-25
813,Anya Varghese,2023-01-27,2022-11-07
814,Darshit Goel,2024-09-06,2023-11-05
815,Prisha Golla,2023-12-09,2024-07-28
816,Raghav Bala,2024-02-16,2022-03-20
817,Nakul Cheema,2025-02-13,2025-02-23
818,Prisha Bhagat,2024-10-13,2022-10-03
819,Prisha Khurana,2024-08-25,2022-07-01
820,Shayak Dugal,2023-01-10,2022-08-18
821,Hunar Ahuja,2022-08-31,2023-04-16
822,Zaina Banik,2023-04-24,2023-02-03
823,Adah Borah,2023-07-31,2024-04-18
824,Vardaniya Basu,2024-06-12,2023-07-14
825,Umang Sengupta,2023-02-10,2024-11-11
826,Onkar Garde,2024-01-10,2024-01-01
827,Dharmajan Biswas,2023-02-21,2023-08-29
828,Sahil Rajagopalan,2023-04-16,2023-11-27
829,Alisha Kaul,2022-04-16,2023-02-03
830,Faiyaz Chana,2022-05-30,2024-02-10
831,Yuvraj  Dada,2022-11-12,2024-06-23
832,Zoya Bava,2022-08-08,2025-01-29
833,Mishti Dugal,2024-12-03,2024-11-16
834,Tanya Luthra,2023-05-14,2024-06-02
835,Dharmajan Hayre,2023-12-28,2022-05-19
836,Nishith Bava,2022-09-03,2022-08-16
837,Reyansh Aurora,2023-10-30,2024-07-19
838,Pihu Balay,2023-09-03,2023-09-16
839,Ayesha Yogi,2023-05-28,2023-04-20
840,Amira Deshmukh,2023-12-25,2023-08-04
841,Faiyaz Korpal,2023-11-17,2022-08-30
842,Kashvi Chawla,2023-04-14,2024-03-17
843,Samaira Raja,2024-08-31,2024-10-29
844,Darshit Sarma,2024-12-03,2022-03-27
845,Stuvan Balay,2023-06-29,2024-05-13
846,Yuvraj  Sastry,2022-10-10,2023-12-10
847,Inaaya  Kohli,2025-02-28,2022-03-13
848,Anahi Deol,2025-01-23,2024-12-17
849,Vaibhav Sehgal,2022-12-12,2023-08-11
850,Anvi Mangat,2023-04-18,2024-04-28
851,Arhaan Rao,2024-02-15,2022-10-01
852,Dhanuk Shroff,2024-08-24,2022-12-21
853,Pari Chana,2023-11-25,2023-01-13
854,Lagan Chandran,2023-04-27,2024-04-19
855,Drishya Gola,2025-01-03,2024-10-13
856,Anaya Badal,2023-01-10,2024-09-03
857,Keya Chaudhari,2025-01-17,2025-02-12
858,Samiha Iyer,2023-08-01,2022-10-29
859,Nayantara Madan,2023-01-28,2024-05-16
860,Dhruv Lall,2024-08-10,2025-01-30
861,Dhruv Sahni,2023-10-15,2023-09-04
862,Mishti Saran,2024-06-23,2024-05-04
863,Kaira Mannan,2023-07-18,2022-10-12
864,Elakshi Sangha,2023-09-27,2022-11-19
865,Kashvi Bir,2023-11-08,2024-12-22
866,Misha Zachariah,2023-01-21,2024-05-28
867,Pranay Dasgupta,2023-07-12,2022-05-09
868,Hridaan Dada,2022-06-29,2022-04-14
869,Amani Hora,2023-09-04,2024-02-07
870,Vaibhav Bhatnagar,2022-06-25,2024-07-29
871,Sahil Talwar,2023-08-11,2022-04-24
872,Ehsaan Johal,2024-07-11,2024-03-03
873,Nitya Devan,2022-09-27,2023-04-02
874,Arhaan Dora,2022-09-16,2022-05-16
875,Shlok Thaman,2023-02-20,2022-10-23
876,Romil Badal,2022-04-21,2023-05-17
877,Drishya Goel,2024-11-16,2022-12-08
878,Hansh Seth,2022-11-09,2024-10-26
879,Dhanush Chanda,2024-10-11,2024-01-03
880,Darshit Dora,2022-11-20,2024-03-07
881,Ira Babu,2022-04-15,2022-11-13
882,Himmat Cherian,2023-09-11,2025-02-24
883,Madhav Vig,2022-06-13,2024-11-06
884,Kiaan Borde,2023-10-08,2022-05-18
885,Ira Baral,2023-03-20,2023-01-14
886,Diya Zachariah,2023-12-04,2022-06-22
887,Himmat Ratta,2024-07-22,2024-12-12
888,Drishya Sachdev,2022-08-05,2022-05-22
889,Tanya Saxena,2024-12-02,2024-03-06
890,Vritika Joshi,2024-11-18,2022-07-09
891,Darshit Kalla,2023-04-18,2025-01-24
892,Navya Bajaj,2023-06-26,2023-01-12
893,Badal Madan,2023-01-29,2023-11-12
894,Dishani Lala,2024-02-23,2022-04-23
895,Aaryahi Mannan,2022-04-10,2022-12-10
896,Indrajit Chawla,2024-04-14,2024-11-06
897,Diya Bhat,2023-10-14,2023-01-09
898,Inaaya  Savant,2023-03-29,2022-11-27
899,Urvi Wason,2022-06-28,2023-05-26
900,Shlok Grewal,2023-05-09,2022-12-05
901,Neelofar Dash,2024-03-09,2023-05-07
902,Jhanvi Anne,2023-04-20,2024-05-06
903,Seher Apte,2023-02-06,2023-02-23
904,Advika Krishna,2025-01-11,2022-04-24
905,Samaira Atwal,2024-12-10,2022-07-02
906,Anahita Wagle,2022-03-11,2024-10-12
907,Shayak Ben,2022-04-07,2022-08-01
908,Suhana Sani,2023-08-24,2023-06-09
909,Siya Gala,2022-10-18,2023-04-08
910,Miraan Sachar,2023-04-18,2023-08-28
911,Shamik Guha,2023-05-24,2024-12-21
912,Samar Sarkar,2023-01-21,2024-02-03
913,Dishani Agrawal,2022-12-12,2022-08-09
914,Pari Dasgupta,2024-09-22,2024-03-08
915,Advika Karan,2024-02-27,2023-07-16
916,Sana Tara,2024-07-12,2023-05-16
917,Hansh Keer,2022-04-21,2024-02-21
918,Anika Ramachandran,2023-02-23,2025-01-10
919,Alisha Balan,2023-07-03,2024-08-26
920,Kiaan Bhatia,2022-06-12,2023-03-07
921,Nirvaan Chand,2023-05-08,2024-02-20
922,Mamooty Sura,2024-04-05,2022-05-19
923,Mishti Bhasin,2022-05-18,2024-09-18
924,Rohan Gill,2022-10-14,2024-04-10
925,Aradhya Rao,2023-11-03,2023-09-03
926,Tara Master,2024-12-17,2023-03-24
927,Vanya Saxena,2024-11-01,2025-02-11
928,Elakshi Banerjee,2022-12-28,2022-07-26
929,Anya Kothari,2025-02-25,2024-08-07
930,Ela Wable,2025-02-15,2022-12-30
931,Reyansh Ramakrishnan,2023-12-07,2024-05-06
932,Lavanya Hayer,2023-10-29,2023-01-06
933,Kavya Koshy,2024-04-19,2023-06-12
934,Aarush Bakshi,2023-09-25,2022-10-28
935,Vihaan Dhillon,2023-07-31,2025-02-10
936,Advika Gola,2022-11-08,2023-12-20
937,Aayush Gara,2024-09-20,2025-01-15
938,Miraan Upadhyay,2022-11-02,2025-02-26
939,Shaan Sagar,2022-06-16,2024-10-29
940,Amani Ahuja,2023-11-09,2022-07-27
941,Devansh Chahal,2022-05-08,2022-05-27
942,Abram Ganesh,2022-12-20,2023-04-05
943,Sana Solanki,2022-12-26,2022-07-01
944,Riya Samra,2023-12-26,2022-12-22
945,Onkar Kalita,2022-11-24,2023-07-06
946,Parinaaz Aggarwal,2024-03-12,2022-06-03
947,Jayant Shukla,2024-02-23,2023-03-25
948,Prerak Ray,2024-08-31,2024-01-05
949,Yuvaan Joshi,2024-12-05,2023-01-24
950,Pranay Mander,2024-10-24,2023-09-21
951,Tara Madan,2022-12-21,2022-07-17
952,Anika Krish,2024-02-09,2023-01-07
953,Nitya Jha,2024-01-29,2023-08-18
954,Arnav Bumb,2022-12-16,2024-03-20
955,Nitya Soman,2023-09-09,2024-10-08
956,Azad Sarkar,2024-05-04,2024-09-27
957,Ishita Kulkarni,2024-05-13,2023-07-05
958,Farhan Goswami,2023-06-09,2022-07-19
959,Saanvi Balakrishnan,2022-10-18,2024-08-09
960,Zaina Doctor,2023-09-12,2023-04-19
961,Gatik Sarma,2023-04-11,2023-01-02
962,Ivana Borra,2024-04-16,2023-07-15
963,Raunak Sabharwal,2024-12-22,2022-03-13
964,Ojas Mandal,2023-07-31,2024-10-18
965,Zara Dixit,2024-07-20,2024-11-18
966,Diya Sinha,2022-04-27,2022-04-18
967,Nishith Dhar,2024-07-23,2023-08-18
968,Ahana  Konda,2023-01-13,2024-09-29
969,Kimaya Dada,2022-07-18,2022-12-14
970,Priyansh Boase,2024-10-19,2025-01-17
971,Onkar Ramakrishnan,2022-07-12,2025-03-01
972,Reyansh Sahni,2023-12-28,2025-01-15
973,Suhana Hora,2022-10-19,2024-12-21
974,Charvi Ram,2022-10-05,2024-03-03
975,Adira Shah,2023-03-24,2025-02-22
976,Saksham Barad,2023-03-21,2023-09-23
977,Shlok Lad,2023-10-17,2023-08-26
978,Ishita Srinivas,2022-09-17,2025-02-22
979,Zoya Hora,2023-09-18,2022-05-23
980,Miraan Kibe,2023-07-22,2022-10-20
981,Ranbir Ramesh,2022-07-08,2024-06-22
982,Divij Madan,2024-09-03,2023-06-26
983,Ishita Guha,2024-02-19,2024-08-24
984,Samar Rastogi,2023-05-09,2024-01-24
985,Manjari Verma,2022-08-24,2023-01-06
986,Jayesh Bail,2025-02-15,2024-03-31
987,Adira Sibal,2024-09-12,2024-09-29
988,Nitya Chand,2024-05-10,2024-11-18
989,Anahita Gopal,2023-04-03,2023-09-06
990,Manikya Rama,2025-01-03,2022-04-15
991,Dishani Seth,2023-07-15,2022-05-24
992,Krish Srinivasan,2022-12-27,2024-06-17
993,Samarth Sha,2023-02-26,2024-03-04
994,Alia Dasgupta,2022-08-16,2025-01-07
995,Siya Bahri,2022-05-19,2024-06-16
996,Neysa Chatterjee,2024-11-22,2024-05-19
997,Kanav Dara,2024-06-13,2024-02-29
998,Suhana Bhat,2024-09-05,2023-05-12
999,Vaibhav Tiwari,2024-03-16,2023-06-22
1000,Jayesh Chahal,2025-01-03,2023-12-31
1001,Gatik Dash,2022-12-20,2023-05-17
1002,Anaya Bakshi,2024-08-26,2024-05-16
1003,Biju Dhingra,2024-05-11,2022-05-20
1004,Rania Chandran,2023-02-12,2022-11-02
1005,Yasmin Ravel,2024-12-10,2022-07-11
1006,Dhruv Karnik,2022-08-10,2023-06-20
1007,Lagan Chada,2024-07-10,2023-07-31
1008,Manikya Bobal,2022-06-09,2023-04-30
1009,Akarsh Dubey,2024-09-07,2025-02-22
1010,Khushi Kibe,2022-05-17,2023-07-13
1011,Pihu Mangal,2022-07-26,2022-05-21
1012,Rania Raja,2024-11-29,2023-10-21
1013,Advika Viswanathan,2024-08-30,2023-02-02
1014,Arnav Shetty,2022-04-06,2023-09-19
1015,Lakshay Grover,2022-09-10,2023-04-06
1016,Madhup Chahal,2024-08-12,2023-06-27
1017,Siya Kothari,2023-12-29,2023-12-27
1018,Kashvi Mammen,2023-03-18,2024-12-01
1019,Romil Taneja,2023-04-11,2024-09-21
1020,Taimur Chahal,2023-05-20,2023-12-25
1021,Taimur Gara,2023-03-29,2023-01-25
1022,Divij Master,2024-08-03,2025-02-28
1023,Adah Balan,2024-10-21,2022-09-21
1024,Vardaniya Borah,2024-08-24,2022-11-03
1025,Misha Hora,2023-06-28,2023-04-20
1026,Hunar Golla,2024-12-02,2022-09-17
1027,Lakshit Bal,2022-07-26,2023-06-20
1028,Dharmajan Bhavsar,2024-08-17,2024-07-31
1029,Nitya Ganguly,2024-11-13,2022-11-21
1030,Neysa Deshmukh,2024-05-30,2024-11-18
1031,Shalv Srinivasan,2024-03-22,2023-12-17
1032,Indrans Kala,2022-11-26,2023-11-03
1033,Aniruddh Bala,2022-07-07,2023-05-16
1034,Shamik Sami,2022-04-30,2024-04-04
1035,Aayush Kala,2025-01-09,2023-07-24
1036,Biju Gokhale,2023-01-28,2022-03-28
1037,Zara Wagle,2023-08-31,2023-09-17
1038,Aniruddh Suri,2023-04-11,2023-07-31
1039,Miraan Jani,2022-08-21,2024-03-24
1040,Urvi Batta,2023-09-22,2022-08-05
1041,Onkar Sundaram,2022-04-09,2024-04-01
1042,Ivana Acharya,2023-08-03,2023-01-14
1043,Adah Sabharwal,2022-07-13,2023-04-06
1044,Purab Bali,2022-08-25,2023-10-06
1045,Armaan Babu,2023-05-28,2022-06-16
1046,Jayant Chaudhary,2023-03-17,2024-01-07
1047,Hrishita Kumer,2024-06-29,2022-07-16
1048,Tushar Barman,2024-03-26,2024-05-02
1049,Ranbir Maharaj,2022-06-18,2022-04-02
1050,Heer Chana,2024-03-12,2022-04-21
1051,Vaibhav Srinivasan,2022-12-22,2024-11-13
1052,Parinaaz Magar,2024-09-17,2022-10-19
1053,Hrishita Hegde,2024-10-24,2023-01-30
1054,Manjari Khanna,2022-08-20,2023-11-05
1055,Suhana Kant,2022-08-18,2022-06-30
1056,Mishti Ganguly,2024-10-03,2022-07-17
1057,Jiya Singh,2024-06-02,2025-01-27
1058,Sara Khurana,2024-06-02,2024-01-05
1059,Shaan Grover,2024-11-26,2022-06-21
1060,Samiha Loyal,2024-09-27,2024-11-01
1061,Bhamini Ratta,2023-08-24,2024-10-27
1062,Heer Sagar,2022-12-04,2023-03-16
1063,Vritika Rao,2022-10-29,2023-08-15
1064,Adira Khurana,2023-07-31,2024-01-03
1065,Vivaan Bal,2024-12-04,2024-06-09
1066,Veer Koshy,2024-10-31,2025-02-24
1067,Trisha Golla,2023-09-28,2023-02-12
1068,Alia Choudhry,2023-12-14,2022-08-27
1069,Hrishita Saran,2022-12-03,2023-04-05
1070,Jiya Bhalla,2022-10-22,2024-08-25
1071,Jayant Shukla,2023-08-03,2023-05-15
1072,Ishita Bera,2023-05-18,2023-05-02
1073,Sana Varma,2024-12-07,2023-08-10
1074,Purab Varkey,2023-09-23,2025-03-03
1075,Vihaan Chanda,2023-06-28,2024-05-29
1076,Miraan Venkataraman,2022-07-25,2022-03-14
1077,Tiya Sachar,2022-07-16,2025-01-18
1078,Jayesh Sami,2025-02-01,2022-09-25
1079,Suhana Sarma,2023-02-15,2024-05-28
1080,Rohan Khalsa,2024-05-02,2022-09-04
1081,Anya Lata,2024-10-25,2022-11-23
1082,Emir Bala,2023-02-11,2024-12-03
1083,Kashvi Vig,2024-01-25,2024-10-04
1084,Lakshay Kadakia,2022-03-31,2022-12-01
1085,Hiran Raval,2024-08-07,2022-05-21
1086,Zain Kata,2022-04-22,2023-10-04
1087,Jayesh Khalsa,2023-04-07,2022-05-31
1088,Riya Varty,2022-04-10,2024-03-06
1089,Amira Golla,2023-04-06,2023-12-22
1090,Pranay Lad,2024-07-11,2023-02-14
1091,Nayantara Atwal,2024-12-07,2023-01-20
1092,Riya Wagle,2023-02-24,2022-03-22
1093,Misha Dugar,2023-12-12,2023-08-13
1094,Ayesha Biswas,2024-03-27,2022-12-23
1095,Madhup Rajagopalan,2023-08-27,2024-12-24
1096,Ira Sangha,2024-09-14,2023-02-02
1097,Indrans Chadha,2023-12-03,2022-06-12
1098,Raunak Ram,2023-10-31,2024-10-26
1099,Vihaan Suri,2024-10-24,2022-04-12
1100,Anika Bedi,2024-07-26,2024-07-03
1101,Aarav Khare,2023-01-20,2023-04-30
1102,Drishya Krishna,2024-07-11,2023-12-14
1103,Hazel Soni,2024-12-20,2024-02-26
1104,Vanya Raju,2025-03-03,2024-08-21
1105,Sahil Grover,2023-11-02,2024-06-10
1106,Zaina Sinha,2023-10-24,2022-10-09
1107,Piya Balay,2024-05-21,2024-07-17
1108,Aarna Mannan,2023-05-01,2022-10-18
1109,Kabir Sandhu,2024-01-22,2023-09-04
1110,Sana Kant,2022-07-21,2022-09-23
1111,Indrajit Rattan,2022-06-22,2023-10-05
1112,Khushi Varkey,2022-09-16,2022-10-29
1113,Anahita Wason,2022-06-16,2024-12-01
1114,Tushar Maharaj,2022-07-04,2022-05-18
1115,Nehmat Ratti,2022-10-01,2024-12-22
1116,Shayak Wable,2023-11-24,2023-08-12
1117,Uthkarsh Bhargava,2024-08-21,2023-10-12
1118,Saira Kapoor,2023-02-05,2024-01-25
1119,Tushar Thakkar,2022-05-19,2022-07-03
1120,Sumer Ganesh,2024-04-02,2023-09-13
1121,Anay Sani,2023-10-25,2024-01-23
1122,Elakshi Kohli,2024-03-15,2024-05-03
1123,Amira Dayal,2022-08-28,2022-07-11
1124,Nishith Sodhi,2023-04-10,2023-01-06
1125,Aradhya Sahota,2023-01-18,2024-06-15
1126,Taimur Dubey,2023-03-07,2022-04-14
1127,Manikya Garg,2022-10-19,2023-07-13
1128,Riya Chander,2022-10-06,2024-09-03
1129,Baiju Sen,2023-05-17,2023-06-06
1130,Yuvraj  Bains,2022-07-14,2022-07-03
1131,Mohanlal Bhalla,2023-07-25,2023-12-08
1132,Nirvi Kumer,2023-07-30,2023-08-31
1133,Seher Joshi,2023-12-29,2022-09-30
1134,Riya Seshadri,2024-09-07,2023-02-20
1135,Indrans Chandra,2023-05-30,2022-09-28
1136,Armaan Borah,2024-05-29,2022-10-28
1137,Alisha Chana,2024-04-21,2023-12-31
1138,Siya Srivastava,2024-04-18,2022-03-15
1139,Biju Garde,2024-02-10,2024-08-27
1140,Faiyaz Shetty,2022-11-26,2023-03-23
1141,Fateh Venkatesh,2024-12-23,2023-10-11
1142,Aaryahi Saran,2023-08-09,2023-12-02
1143,Ira Gade,2024-07-23,2022-12-27
1144,Yuvraj  Kashyap,2025-01-05,2022-09-23
1145,Rohan Rajan,2024-01-11,2023-10-22
1146,Hridaan Bhandari,2024-02-03,2023-09-11
1147,Ishaan Sengupta,2024-03-19,2025-01-06
1148,Sana Thakur,2024-12-18,2023-02-22
1149,Kimaya Swamy,2023-03-26,2022-08-21
1150,Fateh De,2022-10-23,2022-05-24
1151,Dhanuk Devi,2022-12-28,2024-08-28
1152,Jivin Dar,2022-07-30,2023-08-03
1153,Shaan Rau,2024-04-23,2023-12-09
1154,Madhup Doctor,2023-12-22,2023-10-05
1155,Diya Walia,2023-01-11,2023-03-10
1156,Vanya Garde,2022-07-30,2023-12-22
1157,Trisha Srinivasan,2023-08-23,2024-08-24
1158,Neelofar Konda,2023-03-26,2023-03-01
1159,Elakshi Char,2025-02-22,2024-11-12
1160,Bhamini Gandhi,2024-02-02,2023-05-01
1161,Saira Ahuja,2023-08-01,2022-07-10
1162,Kaira Gupta,2024-08-02,2024-03-04
1163,Badal Arya,2024-07-20,2024-12-26
1164,Siya Gupta,2022-07-15,2025-02-20
1165,Rati Kunda,2024-01-29,2022-10-13
1166,Renee Soman,2024-10-06,2024-05-08
1167,Azad Gill,2022-03-14,2022-10-10
1168,Anvi Bose,2024-05-07,2024-08-08
1169,Saksham Wali,2022-10-01,2022-07-12
1170,Anika Bumb,2022-07-11,2024-10-07
1171,Hazel Chauhan,2024-10-21,2025-02-03
1172,Armaan Edwin,2024-04-22,2023-05-27
1173,Nirvaan Savant,2023-06-16,2024-06-16
1174,Kimaya Wali,2022-03-29,2022-08-21
1175,Amira Som,2023-05-01,2023-10-15
1176,Anahi Kari,2024-11-10,2022-06-23
1177,Anika Chhabra,2023-08-10,2024-11-16
1178,Anaya Roy,2024-07-22,2025-01-20
1179,Mamooty Sahni,2023-10-24,2024-12-11
1180,Khushi Sura,2023-08-14,2024-11-12
1181,Heer Mander,2024-06-22,2022-06-10
1182,Raghav Goswami,2022-09-24,2023-09-28
1183,Kartik Chacko,2024-12-24,2024-05-06
1184,Adah Balay,2023-12-14,2022-10-01
1185,Rati Basak,2023-08-17,2022-11-14
1186,Sara Badami,2023-02-10,2022-06-18
1187,Indrajit Bir,2023-04-20,2023-04-06
1188,Mishti Chaudhary,2024-06-16,2022-04-02
1189,Pranay Chaudhry,2023-05-03,2024-07-04
1190,Gatik Ratta,2024-05-10,2022-09-02
1191,Anvi Devi,2022-12-02,2022-04-29
1192,Renee Varkey,2024-02-21,2023-12-01
1193,Mamooty Khurana,2024-10-21,2022-03-20
1194,Nitya Viswanathan,2024-10-09,2022-04-11
1195,Bhamini Raj,2022-09-12,2024-08-17
1196,Miraan Bajwa,2024-11-05,2022-07-07
1197,Vedika Sant,2024-08-12,2023-11-13
1198,Sumer Lalla,2024-06-27,2023-02-05
1199,Priyansh Dhawan,2022-11-27,2023-04-21
1200,Tiya Vohra,2023-12-14,2023-06-02
1201,Amira Kuruvilla,2024-07-18,2024-11-06
1202,Kabir Anand,2025-02-02,2025-02-11
1203,Nitya Ravi,2023-08-17,2023-12-29
1204,Indrans Deshmukh,2023-05-30,2023-04-12
1205,Shray Mangal,2024-08-14,2024-06-14
1206,Yashvi Gokhale,2023-07-26,2024-05-28
1207,Navya Dar,2022-03-11,2024-01-29
1208,Jhanvi Tank,2022-08-18,2024-12-07
1209,Damini Borah,2023-03-23,2023-06-06
1210,Umang Tandon,2023-02-09,2024-07-11
1211,Navya Yadav,2025-01-30,2022-07-31
1212,Hiran Buch,2023-12-28,2022-07-09
1213,Hansh Bandi,2024-08-27,2022-08-23
1214,Jivika Baria,2022-03-21,2022-11-17
1215,Mannat Wable,2023-12-23,2023-05-14
1216,Zoya Walla,2022-11-21,2023-05-23
1217,Indrajit Bains,2024-12-24,2024-04-12
1218,Lakshit Devan,2023-10-22,2023-11-15
1219,Indrans Ranganathan,2023-12-01,2024-03-14
1220,Dishani Bhatt,2022-09-17,2022-11-28
1221,Romil Dara,2023-03-11,2024-01-27
1222,Rania Manne,2023-07-14,2025-01-13
1223,Gatik Sant,2024-09-12,2024-03-22
1224,Siya Gera,2024-06-27,2023-03-15
1225,Raghav Goel,2023-08-18,2025-01-14
1226,Parinaaz Choudhry,2024-12-30,2024-12-15
1227,Adira Dhaliwal,2024-01-20,2023-06-23
1228,Elakshi Issac,2024-08-06,2022-12-10
1229,Rati Chada,2022-07-05,2022-05-10
1230,Suhana Bhakta,2024-12-09,2024-09-21
1231,Nirvi Sahota,2023-11-28,2024-11-03
1232,Pranay Raval,2024-11-29,2024-02-26
1233,Tara Thaman,2023-10-08,2022-09-24
1234,Akarsh Kulkarni,2022-07-22,2022-08-29
1235,Priyansh Gole,2025-02-27,2022-06-06
1236,Advika Andra,2024-08-30,2023-08-14
1237,Siya Anand,2024-05-18,2023-12-23
1238,Vardaniya Bedi,2022-06-18,2024-01-05
1239,Dharmajan Chanda,2024-05-16,2022-06-21
1240,Pihu Sant,2022-03-27,2023-10-24
1241,Jayesh Mangal,2022-05-03,2024-03-22
1242,Renee Dasgupta,2022-04-12,2024-06-26
1243,Ivan Krishnan,2022-08-08,2024-08-03
1244,Mannat Shere,2022-03-07,2023-04-19
1245,Krish Bandi,2023-12-14,2024-08-20
1246,Ishita Dhaliwal,2023-01-13,2023-09-05
1247,Amani Rajan,2022-06-17,2022-09-27
1248,Rhea Chaudhuri,2022-06-08,2024-09-14
1249,Aarav Sachdev,2024-09-02,2023-03-23
1250,Navya Kade,2024-11-05,2022-07-30
1251,Prisha Bail,2023-03-29,2024-08-28
1252,Zeeshan Bhavsar,2025-02-01,2022-05-15
1253,Dharmajan D’Alia,2023-03-25,2022-08-07
1254,Aarna Brar,2022-06-04,2024-07-18
1255,Riya Shan,2022-07-25,2023-02-14
1256,Aarna Rao,2022-06-22,2023-06-13
1257,Dhruv Ranganathan,2024-06-18,2022-11-14
1258,Onkar Tandon,2025-02-06,2023-08-23
1259,Pranay Bose,2025-01-17,2023-06-20
1260,Arhaan Sagar,2024-09-05,2024-07-28
1261,Hunar Kar,2023-04-06,2022-11-08
1262,Adah Dube,2024-06-29,2023-04-15
1263,Nishith Thakkar,2022-07-14,2023-01-20
1264,Mehul Rao,2024-12-20,2023-03-08
1265,Devansh Babu,2023-03-05,2024-11-26
1266,Samaira Sabharwal,2025-02-13,2023-12-04
1267,Keya Dani,2024-03-24,2022-07-05
1268,Rohan Agrawal,2023-01-21,2022-07-12
1269,Vanya Ahuja,2024-01-25,2024-01-11
1270,Dhanush Dey,2022-10-02,2024-03-02
1271,Dhanuk Ghosh,2024-11-20,2022-10-23
1272,Yasmin Sabharwal,2024-10-10,2024-05-23
1273,Samaira Bandi,2022-06-27,2022-10-06
1274,Darshit Rau,2023-03-17,2023-09-12
1275,Azad Soman,2023-06-21,2024-02-27
1276,Ryan Balasubramanian,2024-02-07,2023-03-27
1277,Eva Solanki,2024-09-29,2024-10-22
1278,Faiyaz Sama,2024-06-30,2024-08-12
1279,Keya Bhatia,2023-12-08,2024-07-21
1280,Zoya Dhar,2024-12-17,2024-07-07
1281,Jayan Bhakta,2022-07-08,2024-04-11
1282,Kimaya Gill,2023-02-10,2023-10-08
1283,Saksham Ganesan,2022-10-06,2024-07-17
1284,Taran Dixit,2022-06-15,2023-02-22
1285,Divij Varghese,2022-07-22,2022-12-25
1286,Zain Bhandari,2022-10-15,2024-04-12
1287,Saira Joshi,2023-05-13,2022-11-30
1288,Kiaan Srinivas,2023-12-07,2024-12-04
1289,Badal Sidhu,2025-01-02,2024-02-20
1290,Indrajit Bhatnagar,2024-09-30,2023-09-25
1291,Kiaan Hora,2023-02-02,2023-02-04
1292,Dishani Kohli,2024-03-06,2025-01-04
1293,Shlok Sethi,2024-05-19,2023-04-07
1294,Ritvik Ratti,2022-08-05,2022-08-11
1295,Kaira Dash,2023-12-31,2025-02-17
1296,Saira Baral,2024-08-05,2022-11-24
1297,Anahita Deep,2022-09-26,2022-03-15
1298,Alia Saini,2024-12-12,2024-02-08
1299,Adira Chacko,2024-08-06,2025-02-12
1300,Miraya Khatri,2025-02-06,2024-11-02
1301,Hridaan Balakrishnan,2023-11-02,2025-01-14
1302,Mishti Swamy,2024-11-10,2022-03-29
1303,Fateh Dugal,2023-03-18,2022-06-29
1304,Yuvaan Savant,2025-01-16,2024-07-01
1305,Ishita Sengupta,2024-03-15,2023-01-25
1306,Bhamini Sachdev,2024-01-01,2024-09-14
1307,Vanya Borde,2024-04-13,2023-01-01
1308,Manikya Bora,2024-11-07,2023-07-31
1309,Kavya Deep,2024-07-26,2023-06-03
1310,Mohanlal Amble,2024-03-04,2024-04-05
1311,Kimaya Kaul,2024-01-03,2022-11-01
1312,Tarini Acharya,2024-12-20,2024-03-14
1313,Aniruddh Kant,2022-04-19,2022-10-02
1314,Taimur Chada,2024-03-15,2024-02-11
1315,Devansh Jani,2024-05-07,2023-05-23
1316,Jivin Tiwari,2022-07-15,2022-09-20
1317,Divyansh Deep,2024-10-30,2023-09-28
1318,Aradhya Thakur,2024-02-14,2022-12-20
1319,Trisha Babu,2024-08-17,2023-07-14
1320,Divyansh Sekhon,2022-09-12,2022-08-18
1321,Pihu Kota,2024-05-16,2024-02-13
1322,Aarna Dewan,2024-03-24,2024-12-17
1323,Saksham Gala,2023-03-12,2023-08-16
1324,Neysa Chaudry,2022-05-13,2024-12-16
1325,Ivana Sarna,2024-08-02,2024-12-03
1326,Kiara Korpal,2023-02-06,2022-03-06
1327,Anahi Anand,2024-05-06,2022-05-06
1328,Shaan Chahal,2023-08-11,2022-04-03
1329,Saanvi Bera,2023-07-24,2022-07-08
1330,Samarth Amble,2023-10-23,2025-02-05
1331,Amani Bhattacharyya,2023-08-20,2024-07-04
1332,Misha Krish,2022-08-02,2023-06-29
1333,Charvi Khurana,2024-02-16,2022-09-01
1334,Ryan Jain,2022-10-03,2024-09-19
1335,Kaira Majumdar,2023-01-27,2024-02-18
1336,Rati Thaker,2022-08-23,2023-04-11
1337,Jayant Chander,2023-11-10,2023-03-08
1338,Sahil Choudhary,2022-11-25,2024-02-13
1339,Jiya Tara,2024-04-11,2024-10-28
1340,Siya Sarma,2024-06-29,2023-06-10
1341,Madhav Rama,2022-12-18,2023-05-15
1342,Mahika Kohli,2024-06-13,2024-01-05
1343,Miraan Bhatnagar,2024-03-25,2022-06-15
1344,Zeeshan Dua,2024-06-11,2022-03-09
1345,Divit Aggarwal,2023-07-08,2024-09-19
1346,Zoya Kibe,2022-06-05,2023-05-12
1347,Himmat Ray,2023-05-20,2022-09-17
1348,Taran Barad,2024-04-28,2025-01-02
1349,Arnav Mall,2024-10-15,2023-10-31
1350,Uthkarsh Bali,2022-08-23,2024-09-30
1351,Stuvan Dara,2025-01-02,2024-01-16
1352,Inaaya  Setty,2023-10-13,2023-09-23
1353,Kiara Sarna,2024-12-25,2024-09-29
1354,Ivan Majumdar,2025-03-01,2023-09-27
1355,Samarth Krish,2023-11-21,2023-09-17
1356,Ahana  Vasa,2023-06-20,2022-08-12
1357,Adira Ahuja,2024-08-12,2022-07-28
1358,Arhaan Bahri,2024-12-02,2023-05-07
1359,Aarush Kadakia,2023-05-11,2023-10-29
1360,Yashvi Som,2023-07-06,2023-10-19
1361,Ranbir Chahal,2024-11-26,2023-01-15
1362,Aniruddh Dani,2024-01-24,2023-01-02
1363,Indranil Anne,2023-04-26,2024-04-04
1364,Devansh Venkatesh,2022-05-01,2022-07-06
1365,Charvi Dar,2022-03-08,2023-04-08
1366,Kashvi Kala,2022-05-26,2022-06-06
1367,Kartik Shroff,2023-04-29,2024-05-11
1368,Riya Tandon,2023-01-29,2024-01-01
1369,Aayush Chaudhry,2024-06-17,2024-10-21
1370,Gatik Rao,2023-12-31,2023-07-28
1371,Bhavin Rana,2024-05-06,2025-03-02
1372,Azad Yohannan,2023-03-02,2023-08-23
1373,Amira Khosla,2022-10-06,2024-08-09
1374,Ritvik Sankar,2024-12-07,2023-04-22
1375,Aayush Sahota,2022-12-05,2023-11-20
1376,Jhanvi Kota,2022-11-04,2022-03-20
1377,Bhamini Sandhu,2023-10-27,2024-03-16
1378,Eshani Dave,2023-02-26,2024-12-04
1379,Samaira Thaman,2024-11-02,2022-10-18
1380,Darshit Agate,2023-10-27,2023-06-22
1381,Tarini Dasgupta,2023-09-27,2023-05-28
1382,Gokul Dara,2024-03-11,2022-04-04
1383,Nehmat Soni,2024-08-20,2024-03-28
1384,Advika Aurora,2024-03-09,2024-07-06
1385,Onkar Konda,2022-09-01,2024-03-21
1386,Ritvik Manda,2024-01-08,2024-04-11
1387,Badal Kalita,2023-04-04,2024-10-21
1388,Onkar Dhar,2022-05-29,2022-06-21
1389,Kaira Gera,2023-02-01,2022-07-30
1390,Jayesh Tailor,2024-01-09,2024-02-21
1391,Aniruddh Toor,2024-05-02,2024-02-05
1392,Tejas Wali,2022-05-08,2022-11-16
1393,Hridaan Mangat,2022-04-30,2024-08-13
1394,Gokul Bajwa,2022-08-14,2024-04-16
1395,Devansh Kadakia,2024-01-01,2022-10-08
1396,Aarush Chokshi,2022-06-19,2024-05-06
1397,Biju Korpal,2023-08-03,2022-06-22
1398,Sahil Varughese,2023-03-13,2024-06-14
1399,Sahil Dey,2024-12-18,2022-05-24
1400,Dhanuk Trivedi,2022-05-01,2025-03-03
1401,Myra Bala,2024-07-29,2024-12-14
1402,Yuvraj  Singhal,2022-09-08,2022-09-15
1403,Yuvaan Contractor,2022-10-09,2023-01-12
1404,Rohan Chokshi,2025-01-11,2023-05-13
1405,Kaira Andra,2024-09-27,2023-10-22
1406,Ahana  Chad,2023-11-22,2022-10-17
1407,Dhanuk Atwal,2024-10-21,2022-09-13
1408,Eva Saraf,2023-03-13,2023-12-21
1409,Jayan Koshy,2022-11-06,2024-06-16
1410,Lakshay Kade,2022-12-22,2025-01-05
1411,Hrishita Sunder,2024-02-16,2023-10-06
1412,Reyansh Sehgal,2023-02-05,2022-10-08
1413,Aaina Bhatt,2022-12-12,2023-04-28
1414,Gokul Subramanian,2023-06-22,2025-02-13
1415,Anahita Dara,2022-10-24,2024-08-02
1416,Indrans Keer,2023-11-16,2022-07-02
1417,Jiya Sarkar,2023-03-22,2023-01-17
1418,Saanvi Tella,2022-09-20,2025-02-18
1419,Vanya Iyengar,2024-10-03,2024-06-14
1420,Ritvik Seshadri,2022-03-30,2022-08-03
1421,Sara Gour,2023-02-09,2024-06-09
1422,Rohan Sridhar,2022-12-01,2024-08-02
1423,Diya Som,2024-12-23,2024-02-19
1424,Adah Walia,2023-07-20,2023-07-29
1425,Keya Dar,2023-02-28,2024-05-01
1426,Hansh Gupta,2024-02-17,2024-11-05
1427,Adah Jayaraman,2023-06-01,2023-05-23
1428,Aayush Reddy,2024-10-10,2022-08-25
1429,Divyansh Kar,2024-08-01,2024-06-24
1430,Oorja Sunder,2022-03-22,2022-08-12
1431,Vihaan Chaudhry,2022-07-04,2024-02-18
1432,Hunar Saran,2023-01-05,2024-02-10
1433,Raghav Saxena,2023-09-17,2023-08-14
1434,Shray Kamdar,2022-07-10,2024-12-23
1435,Ranbir Kala,2023-07-12,2024-05-22
1436,Lagan Mangal,2022-09-15,2024-03-09
1437,Badal Krishna,2022-12-17,2023-06-15
1438,Sumer Sankar,2022-05-18,2024-08-30
1439,Taran Banerjee,2023-11-12,2024-08-16
1440,Reyansh Kala,2023-08-30,2022-10-18
1441,Vihaan Anand,2025-02-02,2025-03-03
1442,Kanav Ravel,2023-01-22,2024-11-29
1443,Mamooty Wagle,2024-08-18,2023-12-14
1444,Shalv Swamy,2022-08-25,2024-08-26
1445,Taran Golla,2022-04-27,2022-08-18
1446,Nitya Bedi,2024-05-26,2024-11-26
1447,Drishya Venkatesh,2022-07-09,2024-06-28
1448,Hrishita Sharma,2022-06-27,2024-04-17
1449,Shray Yadav,2024-01-09,2023-10-01
1450,Farhan Chakrabarti,2022-08-08,2023-06-15
1451,Aniruddh Bhatnagar,2023-06-19,2022-05-06
1452,Jhanvi Chowdhury,2024-05-20,2023-04-21
1453,Rohan Malhotra,2022-03-20,2022-06-18
1454,Vritika Chakraborty,2022-04-29,2024-02-20
1455,Riya Upadhyay,2022-03-28,2023-06-21
1456,Nirvi Datta,2024-04-04,2023-02-21
1457,Lavanya Badami,2024-04-14,2025-01-04
1458,Mishti Rout,2024-07-05,2023-12-28
1459,Jayan Vala,2024-07-02,2024-03-14
1460,Ira Deshmukh,2022-03-22,2022-03-10
1461,Akarsh Andra,2024-09-06,2023-06-26
1462,Vedika Ganguly,2023-05-07,2024-03-19
1463,Farhan Wable,2024-09-28,2024-04-25
1464,Jivin Sahni,2022-06-02,2023-04-04
1465,Tanya Wali,2025-01-02,2022-11-14
1466,Azad Ganguly,2023-07-18,2023-08-31
1467,Alisha Sagar,2023-05-19,2022-12-18
1468,Heer Bhatnagar,2023-07-11,2022-07-01
1469,Nitara Swaminathan,2022-03-29,2023-04-08
1470,Nitya Upadhyay,2024-11-25,2023-12-17
1471,Ishaan Lad,2023-05-24,2024-02-14
1472,Tushar Tata,2024-09-14,2024-06-17
1473,Inaaya  Khurana,2023-07-09,2024-10-15
1474,Bhavin Dar,2024-12-11,2023-02-06
1475,Advika Goel,2022-07-22,2024-03-07
1476,Mohanlal Kar,2024-12-01,2023-03-22
1477,Onkar Apte,2023-06-02,2024-06-12
1478,Hansh Basu,2023-04-04,2022-09-25
1479,Suhana Chanda,2022-10-18,2022-06-14
1480,Shamik Talwar,2025-02-28,2023-10-23
1481,Abram Chawla,2022-04-10,2024-12-13
1482,Mehul Madan,2023-03-04,2024-05-31
1483,Hrishita Chaudry,2023-11-28,2022-12-25
1484,Purab Verma,2022-08-03,2023-03-14
1485,Dhruv Agate,2022-09-05,2022-06-06
1486,Tara Gade,2023-09-15,2023-12-12
1487,Hrishita Dhingra,2025-02-22,2024-12-01
1488,Shayak Srinivas,2022-03-23,2024-08-04
1489,Rati Rajagopal,2023-07-28,2025-02-22
1490,Arnav Jayaraman,2024-03-15,2024-11-13
1491,Ivan Suri,2022-12-17,2023-04-13
1492,Rati Gola,2024-01-12,2022-11-09
1493,Nayantara Samra,2025-03-04,2023-02-26
1494,Jayant Dhillon,2023-07-19,2023-07-09
1495,Tanya Das,2023-04-06,2022-08-21
1496,Zain Ravi,2023-07-02,2022-04-02
1497,Dhruv Chawla,2024-03-09,2022-12-18
1498,Vaibhav Garde,2023-05-21,2024-06-15
1499,Zara Handa,2022-05-23,2023-01-08
1500,Anaya Amble,2022-09-05,2024-11-04
1501,Miraya Dutta,2024-08-14,2025-02-26
1502,Fateh Bains,2024-02-16,2024-02-23
1503,Tiya Sethi,2024-05-10,2022-05-29
1504,Sana Sarma,2024-09-05,2023-12-09
1505,Rati Ramakrishnan,2023-11-15,2023-11-30
1506,Kismat Tailor,2022-11-30,2024-11-20
1507,Neelofar Arora,2024-06-28,2024-02-04
1508,Lagan Sheth,2025-02-05,2024-03-25
1509,Emir Dhawan,2023-05-25,2024-03-03
1510,Ishaan Hora,2023-04-25,2023-04-25
1511,Emir Goswami,2024-07-21,2023-12-30
1512,Nitara Sundaram,2023-12-28,2024-01-21
1513,Saira Sandhu,2024-04-20,2023-11-25
1514,Vidur Kar,2024-05-18,2022-08-07
1515,Nakul Batra,2022-09-12,2025-02-19
1516,Hrishita Mallick,2023-02-16,2022-08-25
1517,Tanya Barad,2022-08-28,2023-09-10
1518,Zara Vyas,2023-04-15,2022-05-20
1519,Taimur Rajagopalan,2023-07-09,2022-07-04
1520,Nitya Krishnamurthy,2022-05-14,2024-11-24
1521,Adira Kapadia,2024-12-24,2023-06-22
1522,Tanya Bhalla,2024-05-21,2023-03-01
1523,Shayak Baria,2023-12-12,2024-04-03
1524,Tarini Grewal,2024-12-30,2025-01-24
1525,Kartik Chaudhry,2022-12-12,2023-01-28
1526,Anvi Mahajan,2024-09-19,2023-05-06
1527,Myra Zachariah,2022-05-09,2023-07-10
1528,Anaya Tak,2022-04-13,2024-01-13
1529,Madhup Brahmbhatt,2022-12-21,2025-01-16
1530,Jayesh Gopal,2024-12-11,2023-02-08
1531,Devansh Sibal,2023-07-06,2024-05-27
1532,Dhanush Kurian,2024-12-10,2022-10-19
1533,Zara Ravel,2024-07-30,2023-12-11
1534,Amani Agate,2023-11-23,2024-08-07
1535,Dharmajan Bandi,2024-02-17,2024-09-20
1536,Hazel Agrawal,2023-04-06,2023-02-23
1537,Ishita Kapoor,2024-12-29,2024-08-24
1538,Yasmin Handa,2024-04-06,2023-04-28
1539,Abram Bhalla,2022-11-18,2022-09-21
1540,Eshani Varughese,2024-11-13,2023-04-27
1541,Aradhya Gola,2025-03-02,2024-09-04
1542,Mamooty Zachariah,2022-04-17,2025-01-12
1543,Himmat Kumar,2024-03-21,2024-10-27
1544,Ritvik Salvi,2022-07-02,2023-04-23
1545,Himmat Ramesh,2022-09-02,2023-10-05
1546,Mishti Dar,2024-10-14,2024-04-19
1547,Indranil Dixit,2024-09-17,2024-08-26
1548,Rasha Bajwa,2025-01-14,2023-07-30
1549,Pihu Bumb,2024-02-24,2022-09-21
1550,Taran Konda,2023-09-28,2022-06-12
1551,Prisha Mall,2022-11-08,2022-10-09
1552,Riya Gole,2024-03-18,2024-02-17
1553,Krish Yadav,2023-11-27,2023-12-10
1554,Ivan Bandi,2025-01-13,2024-05-22
1555,Ojas Sanghvi,2023-12-28,2024-02-08
1556,Uthkarsh Setty,2024-08-18,2024-09-04
1557,Arnav Barad,2023-01-01,2024-01-29
1558,Ranbir Gade,2024-01-25,2022-03-29
1559,Myra Dani,2024-07-26,2023-08-19
1560,Devansh Konda,2022-05-26,2022-10-19
1561,Eva Warrior,2023-11-02,2025-02-22
1562,Dishani Krishna,2024-12-18,2023-08-23
1563,Hridaan Bahri,2023-02-24,2023-05-30
1564,Elakshi Ravi,2024-06-01,2023-01-04
1565,Inaaya  Gour,2022-08-19,2023-12-12
1566,Vivaan Dass,2022-07-23,2024-09-14
1567,Emir Lad,2022-10-27,2023-03-14
1568,Emir Sekhon,2022-04-03,2022-03-22
1569,Diya Chatterjee,2024-02-03,2024-09-25
1570,Priyansh Jain,2023-04-06,2023-12-03
1571,Tanya Viswanathan,2023-02-28,2024-05-27
1572,Taimur Mane,2023-11-13,2022-10-01
1573,Dishani Ray,2023-04-08,2022-05-07
1574,Adira Kade,2023-04-07,2024-12-07
1575,Pranay Sunder,2022-04-27,2025-03-04
1576,Yashvi Loke,2024-03-14,2023-04-30
1577,Jiya Vala,2023-08-08,2024-07-17
1578,Krish Shanker,2024-11-06,2022-08-08
1579,Jayant Tank,2022-12-21,2023-02-09
1580,Vaibhav Behl,2022-11-19,2023-10-07
1581,Shamik Kala,2023-03-10,2022-08-27
1582,Abram Ramesh,2023-03-20,2023-06-28
1583,Nirvi Madan,2025-01-14,2023-10-05
1584,Drishya Anne,2022-08-26,2022-12-20
1585,Taimur Sarma,2024-09-03,2022-11-21
1586,Kiaan Kapoor,2022-05-07,2022-03-11
1587,Eva Tank,2023-11-14,2022-11-01
1588,Kiara Tripathi,2023-07-25,2023-07-03
1589,Jivika Barad,2022-04-04,2022-08-18
1590,Myra Venkatesh,2022-04-28,2023-11-09
1591,Aniruddh Batra,2024-11-15,2024-07-07
1592,Badal Korpal,2022-09-12,2025-01-02
1593,Shayak Dutta,2023-10-04,2024-04-08
1594,Rati Aggarwal,2023-04-05,2022-03-30
1595,Eva Chawla,2022-08-27,2024-02-04
1596,Ishaan Subramaniam,2024-03-25,2024-09-30
1597,Saksham Dey,2024-04-18,2022-07-16
1598,Lavanya Mall,2023-07-23,2022-07-15
1599,Vanya Rout,2023-07-29,2023-07-03
1600,Aayush Hayer,2023-06-06,2023-10-24
1601,Shlok Ranganathan,2024-01-08,2022-04-17
1602,Renee Dugar,2023-10-02,2024-10-26
1603,Kismat Rana,2024-04-20,2024-03-05
1604,Arnav Saxena,2023-06-03,2022-07-04
1605,Yakshit Mannan,2022-07-28,2024-12-25
1606,Raghav Hegde,2022-05-15,2022-07-17
1607,Misha Kaul,2023-12-15,2024-12-15
1608,Himmat Subramanian,2022-07-11,2023-09-21
1609,Kiara Kalla,2024-01-22,2022-06-14
1610,Mamooty Golla,2023-07-29,2024-07-22
1611,Saira Kapur,2022-10-17,2023-08-12
1612,Veer Kari,2023-03-08,2025-02-26
1613,Parinaaz Chowdhury,2024-11-07,2025-02-11
1614,Saanvi Comar,2023-09-08,2023-04-18
1615,Diya Suri,2022-07-10,2022-10-04
1616,Dishani Chada,2024-11-09,2024-03-26
1617,Diya Bajwa,2024-12-19,2025-01-07
1618,Bhavin Badami,2023-11-26,2022-06-17
1619,Shlok Gera,2022-10-28,2022-06-02
1620,Yuvraj  Saran,2022-07-02,2023-09-24
1621,Biju Bora,2023-02-28,2022-05-23
1622,Suhana Suri,2022-07-07,2022-10-23
1623,Divyansh Cheema,2022-07-08,2025-02-15
1624,Hunar Mani,2023-01-28,2022-07-31
1625,Myra Banerjee,2023-12-13,2024-02-16
1626,Taran Shetty,2023-02-12,2022-12-20
1627,Heer Handa,2023-05-26,2023-06-12
1628,Zara Bhakta,2023-01-16,2023-06-17
1629,Stuvan Sule,2024-05-14,2022-12-13
1630,Aniruddh Bajwa,2022-07-26,2024-09-30
1631,Shayak Gulati,2024-12-04,2023-03-05
1632,Nitara Mahal,2023-02-26,2024-06-10
1633,Vardaniya Brar,2023-07-31,2022-03-12
1634,Ivana Krishnamurthy,2024-11-03,2023-09-20
1635,Emir Dugal,2024-07-20,2022-05-12
1636,Prerak Kanda,2024-03-10,2023-09-19
1637,Zain Walla,2024-07-06,2023-08-10
1638,Neysa Wali,2022-07-23,2022-06-03
1639,Tejas Raman,2023-08-29,2024-02-20
1640,Sahil Gala,2023-08-16,2023-10-31
1641,Kaira Bhattacharyya,2024-01-27,2023-11-17
1642,Indrajit Chacko,2023-04-21,2023-01-12
1643,Jivin Walla,2022-11-07,2023-11-21
1644,Prisha Hayre,2024-09-02,2023-07-20
1645,Saira Raja,2022-04-17,2022-08-11
1646,Aarush Aurora,2023-05-15,2022-05-09
1647,Indrans Ganesan,2023-11-06,2022-06-20
1648,Nitara Devan,2024-02-14,2023-05-08
1649,Saira Mann,2023-11-08,2023-07-30
1650,Divit Warrior,2022-11-04,2024-07-08
1651,Biju Upadhyay,2024-05-28,2022-12-13
1652,Mannat Raman,2023-08-24,2025-03-04
1653,Zain Deshpande,2022-12-15,2024-01-01
1654,Khushi Samra,2023-08-11,2022-07-25
1655,Advik Barad,2022-04-12,2023-12-04
1656,Bhamini Swamy,2024-01-26,2024-09-26
1657,Manikya Ahuja,2022-12-07,2024-01-24
1658,Tara Bhatia,2024-09-17,2023-03-24
1659,Pari Gaba,2025-02-15,2024-11-27
1660,Akarsh Rastogi,2024-01-08,2024-05-18
1661,Ivana Upadhyay,2023-02-10,2022-07-18
1662,Sahil Gill,2023-06-29,2022-08-26
1663,Myra Kulkarni,2024-09-29,2024-01-02
1664,Rhea Grover,2023-02-11,2024-12-20
1665,Vivaan Sahni,2023-02-13,2024-08-19
1666,Nishith Baria,2022-11-04,2023-10-23
1667,Chirag Mall,2024-12-26,2024-04-05
1668,Divyansh Wali,2023-11-11,2024-11-05
1669,Kiara Sheth,2022-09-29,2024-12-29
1670,Farhan Sanghvi,2024-12-11,2024-07-17
1671,Kabir Kaur,2023-05-01,2023-02-24
1672,Nirvi Dasgupta,2024-08-06,2023-09-03
1673,Riya Kurian,2023-06-26,2024-12-06
1674,Nayantara Shah,2024-02-16,2023-06-24
1675,Arnav Kamdar,2023-11-02,2022-08-06
1676,Badal Sachdeva,2023-03-02,2023-03-11
1677,Mahika Kade,2023-04-22,2023-11-23
1678,Madhup Kata,2023-04-04,2024-05-14
1679,Purab Shetty,2024-04-18,2024-01-09
1680,Vardaniya Kari,2023-12-13,2022-08-24
1681,Hunar Choudhury,2025-02-27,2022-12-11
1682,Mamooty Loyal,2024-05-08,2024-12-01
1683,Bhamini Thakkar,2022-06-29,2022-05-20
1684,Shayak Sachdeva,2023-02-08,2023-10-31
1685,Navya Bumb,2022-04-16,2022-06-09
1686,Anvi Kara,2022-07-26,2022-12-16
1687,Kimaya Sinha,2024-08-24,2023-10-04
1688,Biju Taneja,2022-03-30,2023-08-06
1689,Miraya Thakur,2023-05-21,2022-09-28
1690,Alisha Ghosh,2024-07-23,2023-03-30
1691,Neysa Uppal,2023-03-24,2022-10-01
1692,Indrans Sharma,2024-07-26,2023-02-16
1693,Aarav Golla,2023-10-01,2025-02-24
1694,Alisha Aggarwal,2024-12-27,2022-07-29
1695,Onkar Grover,2022-05-01,2023-01-22
1696,Anahi Konda,2022-07-13,2023-03-29
1697,Farhan Sunder,2022-08-28,2022-08-27
1698,Abram Issac,2024-12-04,2023-03-30
1699,Emir Ramesh,2023-11-07,2022-08-05
1700,Tarini Jani,2022-06-25,2023-02-13
1701,Shamik Gill,2022-06-07,2022-08-12
1702,Mishti Devi,2022-03-25,2023-10-11
1703,Shlok Korpal,2023-05-06,2022-06-30
1704,Tushar Gaba,2022-10-24,2024-10-31
1705,Vedika Kala,2024-06-27,2024-02-06
1706,Kismat Banik,2023-01-04,2023-12-17
1707,Ivan Shukla,2023-06-05,2022-09-14
1708,Kartik Setty,2024-11-12,2022-10-10
1709,Dharmajan Majumdar,2024-08-03,2023-02-21
1710,Pranay Varkey,2022-07-22,2023-08-23
1711,Arnav Doctor,2023-11-21,2024-07-07
1712,Darshit Mander,2023-07-04,2024-01-05
1713,Onkar Tripathi,2024-07-20,2024-03-17
1714,Miraan Singhal,2025-02-24,2023-04-14
1715,Shaan Sur,2023-07-05,2023-06-15
1716,Shamik Raval,2022-11-17,2024-03-06
1717,Elakshi Bhatti,2022-06-04,2025-02-12
1718,Akarsh Dugal,2023-09-26,2024-02-15
1719,Yuvaan Baria,2023-12-19,2022-11-14
1720,Aarna Sawhney,2024-05-07,2024-06-09
1721,Nayantara Chauhan,2024-10-02,2022-04-09
1722,Shlok Lad,2024-12-30,2024-08-23
1723,Jiya Jani,2023-06-24,2022-06-03
1724,Darshit Date,2025-02-21,2024-04-05
1725,Abram Deo,2025-01-17,2023-12-02
1726,Tushar Varma,2023-10-03,2024-09-09
1727,Reyansh Balan,2024-02-22,2023-12-12
1728,Khushi Gour,2023-02-27,2024-03-04
1729,Dhanuk Krishna,2023-02-21,2023-03-15
1730,Tarini Madan,2022-07-27,2022-05-12
1731,Nishith Zacharia,2024-02-21,2022-07-07
1732,Hazel Yogi,2024-09-18,2023-10-17
1733,Miraan Chaudhary,2022-09-18,2024-08-13
1734,Vaibhav Thaker,2024-07-01,2023-01-13
1735,Faiyaz Tella,2023-07-24,2025-02-03
1736,Lagan Gill,2023-07-14,2024-08-20
1737,Hiran Jain,2023-06-01,2023-03-03
1738,Divij Babu,2022-07-20,2024-06-11
1739,Stuvan Bhardwaj,2022-04-23,2023-10-04
1740,Akarsh Arya,2023-07-28,2022-07-08
1741,Myra Gour,2024-09-05,2022-09-14
1742,Pranay Ben,2023-12-01,2024-08-05
1743,Hazel Deep,2022-11-28,2024-07-28
1744,Umang Dhar,2024-10-15,2024-01-15
1745,Nirvaan Venkatesh,2022-06-30,2024-03-08
1746,Nitara Deol,2022-06-16,2022-03-07
1747,Hansh Dhawan,2023-02-14,2024-07-10
1748,Vaibhav Behl,2022-07-11,2023-09-21
1749,Neysa De,2023-12-27,2022-07-10
1750,Sara Kapadia,2022-11-24,2022-03-30
1751,Kashvi Tiwari,2025-02-16,2024-11-28
1752,Parinaaz Lal,2024-07-04,2022-08-02
1753,Misha Sibal,2023-04-13,2022-07-27
1754,Jhanvi Suri,2024-11-29,2025-03-04
1755,Tarini Manne,2022-09-10,2022-09-16
1756,Seher Chauhan,2024-09-07,2024-10-09
1757,Samarth Issac,2024-08-09,2024-03-27
1758,Renee Kanda,2025-01-02,2024-01-13
1759,Dishani Wali,2022-04-23,2023-01-26
1760,Armaan Shere,2023-03-27,2025-02-10
1761,Mishti Johal,2023-12-01,2024-02-25
1762,Aarav Seshadri,2023-12-20,2024-01-27
1763,Sana Gour,2024-08-16,2024-01-24
1764,Shalv Chaudry,2024-05-24,2023-09-24
1765,Vanya Varty,2023-02-16,2022-07-27
1766,Kiara Dhaliwal,2023-10-11,2024-02-03
1767,Kiaan Sathe,2024-06-18,2023-06-09
1768,Anya Hans,2022-03-12,2023-12-09
1769,Taimur Gaba,2023-01-16,2023-02-19
1770,Ishaan Gokhale,2023-09-11,2022-05-10
1771,Lavanya Sarma,2024-07-26,2022-12-03
1772,Baiju Raval,2023-05-05,2022-06-15
1773,Kiara Sekhon,2024-02-26,2023-09-24
1774,Anahi Ravi,2022-08-29,2022-10-11
1775,Keya Deol,2023-07-11,2024-11-18
1776,Umang Madan,2023-05-27,2024-02-16
1777,Jayesh Kunda,2023-02-08,2024-05-03
1778,Farhan Dugar,2022-05-15,2024-09-22
1779,Onkar Lala,2023-10-10,2023-07-06
1780,Saksham Mannan,2022-05-19,2023-04-02
1781,Manjari Tata,2024-07-02,2023-02-10
1782,Vanya Lall,2023-04-27,2024-12-12
1783,Adah Banerjee,2023-01-05,2024-11-02
1784,Jayesh Arya,2022-09-21,2024-11-29
1785,Saksham Bhatia,2024-06-01,2022-10-14
1786,Alia Lad,2025-01-21,2023-11-02
1787,Charvi Cheema,2025-01-23,2024-03-13
1788,Mohanlal Chand,2025-02-20,2023-06-27
1789,Saksham Ramesh,2022-08-18,2023-05-14
1790,Siya Hari,2023-06-23,2024-09-03
1791,Anaya Sagar,2024-02-24,2023-10-29
1792,Parinaaz Randhawa,2022-04-11,2024-12-15
1793,Navya Cheema,2024-02-29,2024-09-07
1794,Adira Dara,2025-02-05,2022-11-19
1795,Divit Dasgupta,2023-02-18,2023-05-01
1796,Kabir Hegde,2022-09-07,2023-08-19
1797,Reyansh Kant,2024-06-10,2024-02-16
1798,Manjari Chada,2023-12-09,2022-05-23
1799,Vidur Barman,2024-05-20,2024-08-09
1800,Sahil Gara,2022-05-10,2024-01-22
1801,Taran Anne,2023-04-22,2024-10-10
1802,Samarth Kata,2022-11-19,2024-12-20
1803,Eva Virk,2023-08-20,2024-12-17
1804,Indrajit Sridhar,2024-07-16,2024-12-02
1805,Shanaya Dayal,2022-07-21,2024-04-30
1806,Heer Sankar,2023-09-21,2022-08-04
1807,Rania Dhingra,2023-08-08,2023-06-18
1808,Tarini Bhatnagar,2023-05-13,2024-02-16
1809,Diya Chaudry,2022-11-08,2024-01-17
1810,Sahil Dasgupta,2022-10-01,2023-02-24
1811,Alia Ganesh,2023-08-17,2022-07-08
1812,Aaina Lata,2023-03-04,2025-02-18
1813,Aarush Venkatesh,2022-09-16,2022-06-04
1814,Anaya Wadhwa,2023-03-05,2023-09-26
1815,Vanya Sura,2023-05-30,2024-10-17
1816,Lagan Bhattacharyya,2024-02-25,2023-09-30
1817,Adira Mann,2023-03-30,2025-02-22
1818,Jiya Bala,2024-01-23,2023-11-06
1819,Emir Garde,2022-05-12,2023-08-06
1820,Vaibhav Wadhwa,2023-02-03,2023-06-30
1821,Neysa Doctor,2024-02-06,2022-08-09
1822,Kimaya Salvi,2025-02-26,2023-12-18
1823,Saira Brar,2023-04-23,2022-10-06
1824,Nishith Chaudhary,2025-01-12,2022-04-18
1825,Lagan Krish,2022-08-18,2023-02-26
1826,Veer Gokhale,2023-08-29,2023-12-08
1827,Nakul Khanna,2022-09-19,2024-06-22
1828,Hunar Sur,2024-05-27,2023-11-18
1829,Indranil Seth,2024-12-20,2024-03-24
1830,Alia Soman,2024-01-06,2023-12-29
1831,Vanya Andra,2022-09-11,2024-07-22
1832,Aarav Viswanathan,2025-02-01,2022-10-01
1833,Krish Tailor,2024-01-02,2023-03-05
1834,Vaibhav Kari,2024-10-19,2022-10-21
1835,Myra Salvi,2023-01-17,2023-12-19
1836,Riya Sharaf,2022-04-06,2022-10-25
1837,Darshit Dalal,2024-08-09,2025-02-01
1838,Kabir Bath,2025-01-07,2023-01-30
1839,Biju Wason,2024-02-05,2023-04-21
1840,Anya Bajwa,2024-11-13,2024-11-24
1841,Mohanlal Shanker,2024-07-24,2022-08-10
1842,Rania Bera,2022-07-20,2023-10-12
1843,Ahana  Bala,2024-09-19,2023-01-07
1844,Jayesh Gade,2024-04-04,2023-01-27
1845,Kimaya Andra,2024-05-08,2023-12-31
1846,Ira Mani,2024-09-06,2022-09-03
1847,Kiaan Sarna,2024-12-02,2023-03-28
1848,Stuvan Yogi,2022-12-11,2024-03-29
1849,Vaibhav Char,2022-09-23,2023-12-23
1850,Raunak Sankar,2024-07-27,2022-08-13
1851,Bhamini Zachariah,2023-04-27,2022-10-05
1852,Pihu Kumer,2024-10-09,2024-12-18
1853,Keya Arora,2022-07-10,2022-03-08
1854,Charvi Raja,2022-09-24,2023-06-10
1855,Kimaya Bobal,2022-09-21,2023-08-30
1856,Ivana Kulkarni,2023-11-16,2024-12-23
1857,Aayush Balakrishnan,2023-07-18,2023-05-18
1858,Inaaya  Rastogi,2025-02-07,2022-03-29
1859,Keya Chand,2022-05-02,2022-12-13
1860,Myra Handa,2023-03-23,2024-12-20
1861,Dhanuk Biswas,2022-03-30,2024-04-28
1862,Akarsh Jaggi,2023-12-31,2023-07-12
1863,Anika Ravel,2022-05-20,2022-12-30
1864,Anika Gupta,2023-11-12,2024-08-01
1865,Ivana Malhotra,2023-02-27,2025-02-11
1866,Aarna Kamdar,2022-05-17,2024-04-11
1867,Mehul Soni,2024-11-25,2024-11-25
1868,Dharmajan Tiwari,2024-03-31,2024-11-02
1869,Darshit Majumdar,2022-03-28,2022-06-19
1870,Gokul Amble,2022-05-10,2024-10-23
1871,Vardaniya Ramachandran,2022-05-05,2022-03-10
1872,Navya Saran,2022-12-05,2022-04-12
1873,Prerak Chandra,2023-03-18,2022-09-21
1874,Aradhya Dhaliwal,2022-03-15,2023-03-09
1875,Zain Yadav,2023-06-08,2023-11-14
1876,Elakshi Luthra,2023-10-10,2023-07-21
1877,Hazel Devan,2024-06-30,2025-02-10
1878,Akarsh Sant,2024-10-26,2024-05-18
1879,Anahi Banerjee,2024-07-02,2023-04-20
1880,Anika Borra,2022-11-11,2023-06-01
1881,Advika Shanker,2023-02-24,2025-01-26
1882,Adira Chanda,2025-02-24,2023-12-26
1883,Divij Gala,2023-02-24,2024-09-07
1884,Divij Madan,2024-04-13,2022-11-23
1885,Mishti Malhotra,2022-07-30,2023-08-30
1886,Riya Kari,2022-07-19,2023-10-28
1887,Vedika Upadhyay,2022-12-11,2024-08-20
1888,Miraya Mani,2022-11-05,2025-02-08
1889,Hazel Banik,2023-05-11,2022-07-03
1890,Raunak Sahni,2024-01-02,2024-10-21
1891,Miraan Sandhu,2022-12-13,2023-11-21
1892,Eva Baral,2023-06-27,2022-09-29
1893,Riaan Shetty,2023-06-29,2023-04-27
1894,Biju Salvi,2022-08-30,2024-09-28
1895,Eva Loyal,2023-05-16,2023-11-04
1896,Amira Vasa,2023-05-21,2023-06-04
1897,Vaibhav Malhotra,2023-01-15,2024-04-12
1898,Jayant Chaudry,2024-06-21,2022-03-31
1899,Jayesh Shukla,2024-01-20,2023-11-28
1900,Uthkarsh Sahni,2023-12-27,2022-12-26
1901,Nishith Dara,2022-08-31,2023-10-14
1902,Anika Bawa,2022-08-10,2024-12-23
1903,Miraan Soni,2023-06-09,2022-12-20
1904,Miraan Chad,2024-02-27,2023-12-02
1905,Anaya Lanka,2023-02-02,2022-03-08
1906,Dhruv Agarwal,2023-09-11,2022-05-09
1907,Yasmin Chaudhry,2024-01-23,2024-09-14
1908,Jayant Kumer,2023-06-04,2024-02-12
1909,Zoya Soman,2023-01-19,2025-02-08
1910,Zeeshan Bansal,2024-07-31,2023-08-28
1911,Romil Shankar,2022-04-10,2023-04-03
1912,Fateh Gopal,2023-02-03,2023-06-17
1913,Ela Kala,2022-12-09,2023-11-04
1914,Zaina Yadav,2024-11-24,2023-10-29
1915,Miraya Mahajan,2022-06-21,2023-10-12
1916,Aniruddh Bains,2022-11-23,2022-05-31
1917,Baiju Singh,2023-02-08,2023-12-01
1918,Rati Char,2023-10-03,2024-11-15
1919,Vidur Sarma,2024-05-03,2023-01-01
1920,Akarsh Jha,2023-03-14,2024-04-30
1921,Zain Doctor,2024-07-02,2023-04-07
1922,Ivana Chakraborty,2024-07-11,2023-11-22
1923,Mehul Kala,2024-02-04,2023-11-07
1924,Lavanya Bhatia,2022-05-06,2025-01-28
1925,Zeeshan Chandran,2023-09-23,2024-01-18
1926,Mannat Dixit,2022-10-29,2023-12-20
1927,Krish Gokhale,2024-01-23,2022-07-16
1928,Lakshay Ravi,2024-06-12,2022-11-16
1929,Taran Mammen,2022-05-22,2024-12-12
1930,Sahil Dua,2025-01-07,2025-02-04
1931,Yuvraj  Contractor,2022-07-19,2023-03-28
1932,Eva Sanghvi,2024-04-01,2024-03-26
1933,Umang Bal,2022-07-09,2022-06-29
1934,Alia Acharya,2022-04-08,2022-04-06
1935,Kartik Dani,2023-01-10,2022-09-06
1936,Kartik Saraf,2023-05-24,2022-10-31
1937,Ritvik D’Alia,2023-10-24,2023-09-07
1938,Sumer Doshi,2024-12-31,2022-04-18
1939,Eva Goda,2023-05-14,2023-10-18
1940,Ritvik Lala,2023-02-05,2022-12-02
1941,Zaina Kala,2023-01-04,2024-11-25
1942,Vedika Kumer,2023-01-18,2022-11-30
1943,Renee Sabharwal,2022-06-25,2022-09-12
1944,Ishita Barad,2024-08-20,2022-07-26
1945,Nishith Thakur,2024-07-22,2024-04-16
1946,Tushar Bains,2024-09-27,2024-12-28
1947,Neysa Dani,2024-05-16,2023-09-10
1948,Rania Dayal,2023-11-22,2024-01-26
1949,Miraya Biswas,2023-11-22,2023-11-23
1950,Shlok Ratta,2023-11-19,2023-10-31
1951,Dhanush Saran,2023-11-28,2023-05-02
1952,Hrishita Butala,2022-11-02,2022-12-29
1953,Dishani Iyengar,2022-05-14,2022-04-12
1954,Divyansh Gokhale,2022-07-17,2023-03-10
1955,Stuvan Mane,2023-10-02,2022-06-07
1956,Jayesh Guha,2024-09-06,2025-01-22
1957,Eshani Gole,2023-01-19,2025-02-13
1958,Ayesha Ravel,2022-10-29,2025-03-01
1959,Manikya Venkatesh,2023-04-30,2023-02-22
1960,Lakshit Anand,2024-06-02,2022-04-22
1961,Biju Issac,2022-05-31,2022-07-16
1962,Alia Sheth,2023-12-04,2022-08-12
1963,Bhamini Gole,2023-12-27,2023-12-17
1964,Sahil Sandal,2024-08-22,2025-03-01
1965,Tara Rajagopal,2023-12-02,2025-01-02
1966,Kimaya Sahota,2023-11-29,2022-09-24
1967,Alia Goyal,2023-09-20,2022-07-13
1968,Pari Sundaram,2022-04-09,2023-03-02
1969,Seher Mangat,2022-09-06,2023-11-02
1970,Shamik Sanghvi,2022-10-28,2022-05-31
1971,Gokul Tailor,2023-02-28,2022-09-01
1972,Yuvraj  Shukla,2024-01-15,2024-02-02
1973,Mannat Buch,2025-01-12,2022-06-10
1974,Gatik Banerjee,2022-06-18,2024-08-21
1975,Aniruddh Khosla,2024-12-28,2023-06-05
1976,Damini Mani,2023-01-01,2023-12-18
1977,Veer Kara,2024-02-05,2024-07-23
1978,Kismat Ravi,2024-01-04,2024-11-10
1979,Zaina Khare,2023-08-22,2024-03-20
1980,Damini Jain,2022-08-11,2022-09-07
1981,Kiaan Maharaj,2022-07-06,2022-03-23
1982,Khushi Chaudhary,2022-09-10,2022-12-29
1983,Myra Chadha,2022-04-15,2024-11-09
1984,Khushi Devan,2022-06-17,2024-04-22
1985,Zain Kibe,2024-03-23,2023-03-03
1986,Riaan Comar,2024-06-22,2025-01-01
1987,Arnav Chakraborty,2022-04-03,2024-11-25
1988,Nirvaan Rajan,2024-06-13,2022-04-11
1989,Azad Bhasin,2022-08-25,2024-04-09
1990,Azad Ravel,2022-03-08,2023-07-29
1991,Vardaniya Khurana,2023-04-23,2024-06-01
1992,Chirag Yohannan,2023-04-24,2024-01-19
1993,Vidur Bera,2023-06-12,2023-11-09
1994,Diya Sarraf,2024-11-27,2023-07-30
1995,Abram Kaur,2022-09-08,2022-10-27
1996,Diya Basu,2024-07-22,2023-02-24
1997,Zoya Halder,2022-04-30,2022-09-29
1998,Armaan Kara,2023-06-13,2023-10-12
1999,Diya Chana,2022-10-04,2024-05-11
2000,Ranbir Ratti,2022-06-29,2025-02-16
